model,dataset,lookback,horizon,loss
DLinear,ETTh1,96,96,0.0704193776717519
DLinear,ETTh1,96,192,0.0777544514156598
DLinear,ETTh1,96,336,0.0928370025279714
DLinear,ETTh1,96,720,0.1687681350386402
DLinear,ETTh1,192,96,0.0564003925777209
DLinear,ETTh1,192,192,0.0739069838366374
DLinear,ETTh1,192,336,0.0884440112822416
DLinear,ETTh1,192,720,0.1306582924628467
DLinear,ETTh1,336,96,0.0551382724041891
DLinear,ETTh1,336,192,0.0759645001031112
DLinear,ETTh1,336,336,0.088200796522888
DLinear,ETTh1,336,720,0.1771912010302978
DLinear,ETTh1,720,96,0.0635977243954446
DLinear,ETTh1,720,192,0.0920652954268739
DLinear,ETTh1,720,336,0.0915044054681753
DLinear,ETTh1,720,720,0.2538352424433142
DLinear,ETTh2,96,96,0.1278922840979625
DLinear,ETTh2,96,192,0.1792560061277089
DLinear,ETTh2,96,336,0.2288646545239188
DLinear,ETTh2,96,720,0.310274336416376
DLinear,ETTh2,192,96,0.1344896238357417
DLinear,ETTh2,192,192,0.1848593587301707
DLinear,ETTh2,192,336,0.2178556966406891
DLinear,ETTh2,192,720,0.3002690689975274
DLinear,ETTh2,336,96,0.1367039778074199
DLinear,ETTh2,336,192,0.1753379222394898
DLinear,ETTh2,336,336,0.2147140263925601
DLinear,ETTh2,336,720,0.2891876858756918
DLinear,ETTh2,720,96,0.1485099278403784
DLinear,ETTh2,720,192,0.1818753382715428
DLinear,ETTh2,720,336,0.1952380361866154
DLinear,ETTh2,720,720,0.2476771955396885
DLinear,Electricity,96,96,0.3307821486281655
DLinear,Electricity,96,192,0.2957810954946017
DLinear,Electricity,96,336,0.31530601563042
DLinear,Electricity,96,720,0.3584590395667215
DLinear,Electricity,192,96,0.1909871701953071
DLinear,Electricity,192,192,0.2052976861615949
DLinear,Electricity,192,336,0.2301005124674382
DLinear,Electricity,192,720,0.2707975309978227
DLinear,Electricity,336,96,0.1767351665618481
DLinear,Electricity,336,192,0.193158889205732
DLinear,Electricity,336,336,0.2178732742194619
DLinear,Electricity,336,720,0.2646269120084342
DLinear,Electricity,720,96,0.1716290576365575
DLinear,Electricity,720,192,0.1940955268757321
DLinear,Electricity,720,336,0.2116560710579099
DLinear,Electricity,720,720,0.2745673474435803
DLinear,Exchange-Rate,96,96,0.090550504667663
DLinear,Exchange-Rate,96,192,0.1778264007519317
DLinear,Exchange-Rate,96,336,0.2418085329271667
DLinear,Exchange-Rate,96,720,0.2749212577229454
DLinear,Exchange-Rate,192,96,0.0901830962420195
DLinear,Exchange-Rate,192,192,0.1947884480409984
DLinear,Exchange-Rate,192,336,0.3115841374171907
DLinear,Exchange-Rate,192,720,0.304007259437016
DLinear,Exchange-Rate,336,96,0.1026699187312546
DLinear,Exchange-Rate,336,192,0.2148615264565632
DLinear,Exchange-Rate,336,336,0.2946467636829585
DLinear,Exchange-Rate,336,720,0.305024554615929
DLinear,Exchange-Rate,720,96,0.1246759753417352
DLinear,Exchange-Rate,720,192,0.2788439852024432
DLinear,Exchange-Rate,720,336,0.2850541961726858
DLinear,Exchange-Rate,720,720,0.6964812165214902
DLinear,VIC,5,5,0.0061775244317563
DLinear,VIC,30,5,0.0067494110826406
DLinear,VIC,120,5,0.0070125541853952
DLinear,VIC,480,5,0.0080494383896191
DLinear,Weather,96,96,0.0048774560931032
DLinear,Weather,96,192,0.0064894279749945
DLinear,Weather,96,336,0.0068386656912831
DLinear,Weather,96,720,0.0068976752496421
DLinear,Weather,192,96,0.0055549785537733
DLinear,Weather,192,192,0.0068727052755584
DLinear,Weather,192,336,0.0069613754491554
DLinear,Weather,192,720,0.0070585609044835
DLinear,Weather,336,96,0.0044028141756426
DLinear,Weather,336,192,0.0068499703896042
DLinear,Weather,336,336,0.0068540760610914
DLinear,Weather,336,720,0.0073140823730596
DLinear,Weather,720,96,0.0057969679793333
DLinear,Weather,720,192,0.0062662736080622
DLinear,Weather,720,336,0.0073685645456136
DLinear,Weather,720,720,0.0080150883292819
Linear,ETTh1,96,96,0.0620528970896876
Linear,ETTh1,96,192,0.0801822834933234
Linear,ETTh1,96,336,0.094460448941805
Linear,ETTh1,96,720,0.1621649886986989
Linear,ETTh1,192,96,0.0623153452331758
Linear,ETTh1,192,192,0.0759395884953275
Linear,ETTh1,192,336,0.0849256719376577
Linear,ETTh1,192,720,0.1345522786692743
Linear,ETTh1,336,96,0.0587695900156853
Linear,ETTh1,336,192,0.0770018118111206
Linear,ETTh1,336,336,0.0908936509331926
Linear,ETTh1,336,720,0.1801332403172612
Linear,ETTh1,720,96,0.0711692215670803
Linear,ETTh1,720,192,0.0983773592614294
Linear,ETTh1,720,336,0.1094482055025391
Linear,ETTh1,720,720,0.2492468547539708
Linear,ETTh2,96,96,0.1286052728469753
Linear,ETTh2,96,192,0.1810817606788712
Linear,ETTh2,96,336,0.2269725185129169
Linear,ETTh2,96,720,0.3257951538687445
Linear,ETTh2,192,96,0.1347739972214296
Linear,ETTh2,192,192,0.1805761975342565
Linear,ETTh2,192,336,0.2199359568490963
Linear,ETTh2,192,720,0.3023969948788254
Linear,ETTh2,336,96,0.1377961132401196
Linear,ETTh2,336,192,0.1826287453593087
Linear,ETTh2,336,336,0.2126769590003082
Linear,ETTh2,336,720,0.286556943154677
Linear,ETTh2,720,96,0.1474042922204872
Linear,ETTh2,720,192,0.1815697534814028
Linear,ETTh2,720,336,0.2038483990316072
Linear,ETTh2,720,720,0.2465983685976595
Linear,Electricity,96,96,0.3298978211623729
Linear,Electricity,96,192,0.2979690789620822
Linear,Electricity,96,336,0.3138339030250754
Linear,Electricity,96,720,0.3588859257237771
Linear,Electricity,192,96,0.1885113396046533
Linear,Electricity,192,192,0.204426560075718
Linear,Electricity,192,336,0.2294157223295749
Linear,Electricity,192,720,0.2676679342615741
Linear,Electricity,336,96,0.1724335385186119
Linear,Electricity,336,192,0.1926457663033202
Linear,Electricity,336,336,0.2181284481164855
Linear,Electricity,336,720,0.2577113455359434
Linear,Electricity,720,96,0.1662221620436366
Linear,Electricity,720,192,0.1927216783463558
Linear,Electricity,720,336,0.2098581393490997
Linear,Electricity,720,720,0.2587893886216328
Linear,Exchange-Rate,96,96,0.0919377848334696
Linear,Exchange-Rate,96,192,0.192519396071947
Linear,Exchange-Rate,96,336,0.2528332124895124
Linear,Exchange-Rate,96,720,0.3156311060701098
Linear,Exchange-Rate,192,96,0.0964042887348553
Linear,Exchange-Rate,192,192,0.2072510117279829
Linear,Exchange-Rate,192,336,0.2685620119026051
Linear,Exchange-Rate,192,720,0.3678555431820097
Linear,Exchange-Rate,336,96,0.1110968464321788
Linear,Exchange-Rate,336,192,0.2367451593342712
Linear,Exchange-Rate,336,336,0.3206026402872
Linear,Exchange-Rate,336,720,0.3174559110686892
Linear,Exchange-Rate,720,96,0.1270070334475387
Linear,Exchange-Rate,720,192,0.2625013958301222
Linear,Exchange-Rate,720,336,0.3228125892468352
Linear,Exchange-Rate,720,720,0.8547249862125942
Linear,VIC,5,5,0.0084360155887875
Linear,VIC,30,5,0.0101628720942127
Linear,VIC,120,5,0.0111107830690309
Linear,VIC,480,5,0.0172777465526379
Linear,Weather,96,96,0.0057245437497936
Linear,Weather,96,192,0.0062248860747839
Linear,Weather,96,336,0.0071168319907782
Linear,Weather,96,720,0.007426315933793
Linear,Weather,192,96,0.0056749743002224
Linear,Weather,192,192,0.0066216742642026
Linear,Weather,192,336,0.0070839272640384
Linear,Weather,192,720,0.00730470661372
Linear,Weather,336,96,0.005674841839739
Linear,Weather,336,192,0.0068596108066338
Linear,Weather,336,336,0.0075312334374872
Linear,Weather,336,720,0.0072537542783079
Linear,Weather,720,96,0.0054839926166042
Linear,Weather,720,192,0.0068289207372817
Linear,Weather,720,336,0.0075431014727948
Linear,Weather,720,720,0.00784033496825
NLinear,ETTh1,96,96,0.0549922704268614
NLinear,ETTh1,96,192,0.073829225275919
NLinear,ETTh1,96,336,0.087135101824062
NLinear,ETTh1,96,720,0.08457818323611
NLinear,ETTh1,192,96,0.0551303303474476
NLinear,ETTh1,192,192,0.0694298125407251
NLinear,ETTh1,192,336,0.0802895038646658
NLinear,ETTh1,192,720,0.0793840603412494
NLinear,ETTh1,336,96,0.0547333618335064
NLinear,ETTh1,336,192,0.0691225926155226
NLinear,ETTh1,336,336,0.0829625060082887
NLinear,ETTh1,336,720,0.0802950359560283
NLinear,ETTh1,720,96,0.0551517458669373
NLinear,ETTh1,720,192,0.0751321780740904
NLinear,ETTh1,720,336,0.0867583978972406
NLinear,ETTh1,720,720,0.0920839618196756
NLinear,ETTh2,96,96,0.1262066628870887
NLinear,ETTh2,96,192,0.1779402088790899
NLinear,ETTh2,96,336,0.2214895216502937
NLinear,ETTh2,96,720,0.2454880739267862
NLinear,ETTh2,192,96,0.131449348882135
NLinear,ETTh2,192,192,0.1760048894977073
NLinear,ETTh2,192,336,0.2076698970700996
NLinear,ETTh2,192,720,0.2349754027860245
NLinear,ETTh2,336,96,0.1311125812640738
NLinear,ETTh2,336,192,0.1757868855426904
NLinear,ETTh2,336,336,0.1991766358405527
NLinear,ETTh2,336,720,0.228399248048146
NLinear,ETTh2,720,96,0.1401756471935893
NLinear,ETTh2,720,192,0.1733328568398974
NLinear,ETTh2,720,336,0.1971272842120562
NLinear,ETTh2,720,720,0.2233552667745447
NLinear,Electricity,96,96,0.3453087385166344
NLinear,Electricity,96,192,0.309661975832341
NLinear,Electricity,96,336,0.3319224718265902
NLinear,Electricity,96,720,0.39405489177306
NLinear,Electricity,192,96,0.1913226962929204
NLinear,Electricity,192,192,0.2073887350754477
NLinear,Electricity,192,336,0.2359420729806733
NLinear,Electricity,192,720,0.2878242932562492
NLinear,Electricity,336,96,0.1734787416776196
NLinear,Electricity,336,192,0.1918948393091857
NLinear,Electricity,336,336,0.2173786531402377
NLinear,Electricity,336,720,0.2749911262467619
NLinear,Electricity,720,96,0.1762100296828753
NLinear,Electricity,720,192,0.2007008921131789
NLinear,Electricity,720,336,0.2224360367072252
NLinear,Electricity,720,720,0.2715652645174512
NLinear,Exchange-Rate,96,96,0.0925802821543253
NLinear,Exchange-Rate,96,192,0.2251554011261161
NLinear,Exchange-Rate,96,336,0.5229585218192333
NLinear,Exchange-Rate,96,720,1.829419139453343
NLinear,Exchange-Rate,192,96,0.1015660732527802
NLinear,Exchange-Rate,192,192,0.2497166960268332
NLinear,Exchange-Rate,192,336,0.5704429354240645
NLinear,Exchange-Rate,192,720,1.8291601510274975
NLinear,Exchange-Rate,336,96,0.1136176211623853
NLinear,Exchange-Rate,336,192,0.2715980169139331
NLinear,Exchange-Rate,336,336,0.5371274796884451
NLinear,Exchange-Rate,336,720,1.870542483670371
NLinear,Exchange-Rate,720,96,0.1333178640182676
NLinear,Exchange-Rate,720,192,0.3069219965534874
NLinear,Exchange-Rate,720,336,0.5533711364613244
NLinear,Exchange-Rate,720,720,1.6262141437757582
NLinear,VIC,5,5,0.0060041202894211
NLinear,VIC,30,5,0.0061978750051631
NLinear,VIC,120,5,0.0070267232971634
NLinear,VIC,480,5,0.0088897984385251
NLinear,Weather,96,96,0.0011800185279873
NLinear,Weather,96,192,0.0013550748450486
NLinear,Weather,96,336,0.0015673612353268
NLinear,Weather,96,720,0.0019172607721346
NLinear,Weather,192,96,0.0012480754612452
NLinear,Weather,192,192,0.0013083319525001
NLinear,Weather,192,336,0.0015388278287592
NLinear,Weather,192,720,0.0019684541262368
NLinear,Weather,336,96,0.0010261653373512
NLinear,Weather,336,192,0.0012533935034528
NLinear,Weather,336,336,0.0014718769593597
NLinear,Weather,336,720,0.0019180367825271
NLinear,Weather,720,96,0.0014285120392211
NLinear,Weather,720,192,0.0015788250414629
NLinear,Weather,720,336,0.001800854875905
NLinear,Weather,720,720,0.0021977318769257
