model,dataset,seq_len,pred_len,lr,test_loss,best_val_loss,error,run_dir
Linear,ETTh1,96,96,0.005,0.07506186454364598,0.09844124183674047,,checkpoints/Linear_ETTh1_L96_H96_lr0.005
Linear,ETTh1,96,96,0.001,0.06205289708968767,0.09776935957011029,,checkpoints/Linear_ETTh1_L96_H96_lr0.001
Linear,ETTh1,96,96,0.0005,0.07256983334007983,0.09912017538635264,,checkpoints/Linear_ETTh1_L96_H96_lr0.0005
Linear,ETTh1,96,192,0.005,0.08968809329447093,0.11767334847611625,,checkpoints/Linear_ETTh1_L96_H192_lr0.005
Linear,ETTh1,96,192,0.001,0.08018228349332342,0.11666075138298275,,checkpoints/Linear_ETTh1_L96_H192_lr0.001
Linear,ETTh1,96,192,0.0005,0.08456851326430673,0.11728613123480562,,checkpoints/Linear_ETTh1_L96_H192_lr0.0005
Linear,ETTh1,96,336,0.005,0.10226320308031174,0.1280691799164287,,checkpoints/Linear_ETTh1_L96_H336_lr0.005
Linear,ETTh1,96,336,0.001,0.09844515064405551,0.12962573421844564,,checkpoints/Linear_ETTh1_L96_H336_lr0.001
Linear,ETTh1,96,336,0.0005,0.09446044894180504,0.13187202577038223,,checkpoints/Linear_ETTh1_L96_H336_lr0.0005
Linear,ETTh1,96,720,0.005,0.16216498869869897,0.15416282101645065,,checkpoints/Linear_ETTh1_L96_H720_lr0.005
Linear,ETTh1,96,720,0.001,0.2306623562570525,0.15927484281936877,,checkpoints/Linear_ETTh1_L96_H720_lr0.001
Linear,ETTh1,96,720,0.0005,0.17540196205581135,0.1605321121251677,,checkpoints/Linear_ETTh1_L96_H720_lr0.0005
Linear,ETTh1,336,96,0.005,0.07207714913001609,0.0919537359176461,,checkpoints/Linear_ETTh1_L336_H96_lr0.005
Linear,ETTh1,336,96,0.001,0.06321513930760338,0.09178852749523611,,checkpoints/Linear_ETTh1_L336_H96_lr0.001
Linear,ETTh1,336,96,0.0005,0.058769590015685325,0.09297592236896178,,checkpoints/Linear_ETTh1_L336_H96_lr0.0005
Linear,ETTh1,336,192,0.005,0.09106808170321573,0.11212236951938256,,checkpoints/Linear_ETTh1_L336_H192_lr0.005
Linear,ETTh1,336,192,0.001,0.07700181181112069,0.11259138582474505,,checkpoints/Linear_ETTh1_L336_H192_lr0.001
Linear,ETTh1,336,192,0.0005,0.08199021561565165,0.11129287171619849,,checkpoints/Linear_ETTh1_L336_H192_lr0.0005
Linear,ETTh1,336,336,0.005,0.15298500966522222,0.13188130192180514,,checkpoints/Linear_ETTh1_L336_H336_lr0.005
Linear,ETTh1,336,336,0.001,0.1040849965190138,0.12764793105701566,,checkpoints/Linear_ETTh1_L336_H336_lr0.001
Linear,ETTh1,336,336,0.0005,0.09089365093319261,0.12850825666561577,,checkpoints/Linear_ETTh1_L336_H336_lr0.0005
Linear,ETTh1,336,720,0.005,0.22675380869244932,0.15642879594398396,,checkpoints/Linear_ETTh1_L336_H720_lr0.005
Linear,ETTh1,336,720,0.001,0.18205646371355988,0.14987319811992433,,checkpoints/Linear_ETTh1_L336_H720_lr0.001
Linear,ETTh1,336,720,0.0005,0.18013324031726125,0.15117199021817798,,checkpoints/Linear_ETTh1_L336_H720_lr0.0005
NLinear,ETTh1,96,96,0.005,0.05542752635222149,0.09996411293156485,,checkpoints/NLinear_ETTh1_L96_H96_lr0.005
NLinear,ETTh1,96,96,0.001,0.05537244105841998,0.0983814960001187,,checkpoints/NLinear_ETTh1_L96_H96_lr0.001
NLinear,ETTh1,96,96,0.0005,0.05499227042686147,0.09879442110951969,,checkpoints/NLinear_ETTh1_L96_H96_lr0.0005
NLinear,ETTh1,96,192,0.005,0.073911478951457,0.11598445804822219,,checkpoints/NLinear_ETTh1_L96_H192_lr0.005
NLinear,ETTh1,96,192,0.001,0.07382922527591905,0.11523405839050069,,checkpoints/NLinear_ETTh1_L96_H192_lr0.001
NLinear,ETTh1,96,192,0.0005,0.0744499615152869,0.11569695081596439,,checkpoints/NLinear_ETTh1_L96_H192_lr0.0005
NLinear,ETTh1,96,336,0.005,0.08809787166727549,0.13117217035682355,,checkpoints/NLinear_ETTh1_L96_H336_lr0.005
NLinear,ETTh1,96,336,0.001,0.08713510182406205,0.13003886346147195,,checkpoints/NLinear_ETTh1_L96_H336_lr0.001
NLinear,ETTh1,96,336,0.0005,0.08768783482651579,0.1305760200634921,,checkpoints/NLinear_ETTh1_L96_H336_lr0.0005
NLinear,ETTh1,96,720,0.005,0.086110162464682,0.1672933292486832,,checkpoints/NLinear_ETTh1_L96_H720_lr0.005
NLinear,ETTh1,96,720,0.001,0.08457818323611,0.16630917691704522,,checkpoints/NLinear_ETTh1_L96_H720_lr0.001
NLinear,ETTh1,96,720,0.0005,0.0849084538553722,0.16764400698751392,,checkpoints/NLinear_ETTh1_L96_H720_lr0.0005
NLinear,ETTh1,336,96,0.005,0.05913970052018842,0.09673392746992128,,checkpoints/NLinear_ETTh1_L336_H96_lr0.005
NLinear,ETTh1,336,96,0.001,0.054733361833506466,0.09306771224046952,,checkpoints/NLinear_ETTh1_L336_H96_lr0.001
NLinear,ETTh1,336,96,0.0005,0.05595518130026557,0.0925958560843228,,checkpoints/NLinear_ETTh1_L336_H96_lr0.0005
NLinear,ETTh1,336,192,0.005,0.0744688760360385,0.11578490123756759,,checkpoints/NLinear_ETTh1_L336_H192_lr0.005
NLinear,ETTh1,336,192,0.001,0.06912259261552266,0.10903256603469189,,checkpoints/NLinear_ETTh1_L336_H192_lr0.001
NLinear,ETTh1,336,192,0.0005,0.07308877145614531,0.10859174103060146,,checkpoints/NLinear_ETTh1_L336_H192_lr0.0005
NLinear,ETTh1,336,336,0.005,0.08296250600828871,0.1319373005324122,,checkpoints/NLinear_ETTh1_L336_H336_lr0.005
NLinear,ETTh1,336,336,0.001,0.08508927476956474,0.12558924051949458,,checkpoints/NLinear_ETTh1_L336_H336_lr0.001
NLinear,ETTh1,336,336,0.0005,0.0855083922711009,0.12614731499101886,,checkpoints/NLinear_ETTh1_L336_H336_lr0.0005
NLinear,ETTh1,336,720,0.005,0.08662227686703178,0.16950953352208603,,checkpoints/NLinear_ETTh1_L336_H720_lr0.005
NLinear,ETTh1,336,720,0.001,0.08029503595602838,0.156983442614885,,checkpoints/NLinear_ETTh1_L336_H720_lr0.001
NLinear,ETTh1,336,720,0.0005,0.0829326395136733,0.15733140574622517,,checkpoints/NLinear_ETTh1_L336_H720_lr0.0005
DLinear,ETTh1,96,96,0.005,0.07041937767175198,0.10114544743748927,,checkpoints/DLinear_ETTh1_L96_H96_lr0.005
DLinear,ETTh1,96,96,0.001,0.07294515220438343,0.09663948029333214,,checkpoints/DLinear_ETTh1_L96_H96_lr0.001
DLinear,ETTh1,96,96,0.0005,0.07821182806573179,0.09655582852046302,,checkpoints/DLinear_ETTh1_L96_H96_lr0.0005
DLinear,ETTh1,96,192,0.005,0.07923482423707116,0.11497792355541671,,checkpoints/DLinear_ETTh1_L96_H192_lr0.005
DLinear,ETTh1,96,192,0.001,0.07984598885075937,0.11401974656139444,,checkpoints/DLinear_ETTh1_L96_H192_lr0.001
DLinear,ETTh1,96,192,0.0005,0.07775445141565981,0.11392257094117246,,checkpoints/DLinear_ETTh1_L96_H192_lr0.0005
DLinear,ETTh1,96,336,0.005,0.0990386305365909,0.1292223523197099,,checkpoints/DLinear_ETTh1_L96_H336_lr0.005
DLinear,ETTh1,96,336,0.001,0.0928370025279714,0.12799254091994466,,checkpoints/DLinear_ETTh1_L96_H336_lr0.001
DLinear,ETTh1,96,336,0.0005,0.0997363212132325,0.12871802419365505,,checkpoints/DLinear_ETTh1_L96_H336_lr0.0005
DLinear,ETTh1,96,720,0.005,0.19123134510707987,0.15552793721780905,,checkpoints/DLinear_ETTh1_L96_H720_lr0.005
DLinear,ETTh1,96,720,0.001,0.21366629682995003,0.15604242011525465,,checkpoints/DLinear_ETTh1_L96_H720_lr0.001
DLinear,ETTh1,96,720,0.0005,0.1687681350386402,0.15709371696545646,,checkpoints/DLinear_ETTh1_L96_H720_lr0.0005
DLinear,ETTh1,336,96,0.005,0.06245618098728105,0.09519127255482883,,checkpoints/DLinear_ETTh1_L336_H96_lr0.005
DLinear,ETTh1,336,96,0.001,0.05928871400212899,0.09099771482284771,,checkpoints/DLinear_ETTh1_L336_H96_lr0.001
DLinear,ETTh1,336,96,0.0005,0.05513827240418917,0.09038181958094747,,checkpoints/DLinear_ETTh1_L336_H96_lr0.0005
DLinear,ETTh1,336,192,0.005,0.0872021121866156,0.11499727031374651,,checkpoints/DLinear_ETTh1_L336_H192_lr0.005
DLinear,ETTh1,336,192,0.001,0.0771843454526587,0.10998568422579774,,checkpoints/DLinear_ETTh1_L336_H192_lr0.001
DLinear,ETTh1,336,192,0.0005,0.0759645001031112,0.10905815355338408,,checkpoints/DLinear_ETTh1_L336_H192_lr0.0005
DLinear,ETTh1,336,336,0.005,0.14360410833991114,0.13657311083994117,,checkpoints/DLinear_ETTh1_L336_H336_lr0.005
DLinear,ETTh1,336,336,0.001,0.11096407678600378,0.12613901657240797,,checkpoints/DLinear_ETTh1_L336_H336_lr0.001
DLinear,ETTh1,336,336,0.0005,0.08820079652288808,0.12456018121982604,,checkpoints/DLinear_ETTh1_L336_H336_lr0.0005
DLinear,ETTh1,336,720,0.005,0.18363021792691375,0.15999572737550138,,checkpoints/DLinear_ETTh1_L336_H720_lr0.005
DLinear,ETTh1,336,720,0.001,0.19765740957099054,0.14871815815119763,,checkpoints/DLinear_ETTh1_L336_H720_lr0.001
DLinear,ETTh1,336,720,0.0005,0.17719120103029784,0.14774473699663923,,checkpoints/DLinear_ETTh1_L336_H720_lr0.0005
Linear,ETTh2,96,96,0.005,0.1391250280813854,0.1817711942901089,,checkpoints/Linear_ETTh2_L96_H96_lr0.005
Linear,ETTh2,96,96,0.001,0.12929982326831166,0.17834515144088753,,checkpoints/Linear_ETTh2_L96_H96_lr0.001
Linear,ETTh2,96,96,0.0005,0.1286052728469753,0.178939156937856,,checkpoints/Linear_ETTh2_L96_H96_lr0.0005
Linear,ETTh2,96,192,0.005,0.18792642826992326,0.2199718358072041,,checkpoints/Linear_ETTh2_L96_H192_lr0.005
Linear,ETTh2,96,192,0.001,0.1810817606788712,0.20985407342905005,,checkpoints/Linear_ETTh2_L96_H192_lr0.001
Linear,ETTh2,96,192,0.0005,0.18232944260835204,0.20934248989667534,,checkpoints/Linear_ETTh2_L96_H192_lr0.0005
Linear,ETTh2,96,336,0.005,0.24679850843425818,0.25040283422104737,,checkpoints/Linear_ETTh2_L96_H336_lr0.005
Linear,ETTh2,96,336,0.001,0.22697251851291694,0.24436962836383602,,checkpoints/Linear_ETTh2_L96_H336_lr0.001
Linear,ETTh2,96,336,0.0005,0.2280055542591747,0.24447771690215014,,checkpoints/Linear_ETTh2_L96_H336_lr0.0005
Linear,ETTh2,96,720,0.005,0.3344653346978752,0.3202192618691331,,checkpoints/Linear_ETTh2_L96_H720_lr0.005
Linear,ETTh2,96,720,0.001,0.32701194882117063,0.3157760467464755,,checkpoints/Linear_ETTh2_L96_H720_lr0.001
Linear,ETTh2,96,720,0.0005,0.3257951538687445,0.3157296193412805,,checkpoints/Linear_ETTh2_L96_H720_lr0.0005
Linear,ETTh2,336,96,0.005,0.14294361597331678,0.18630079810826955,,checkpoints/Linear_ETTh2_L336_H96_lr0.005
Linear,ETTh2,336,96,0.001,0.14028944498332654,0.17542835618477964,,checkpoints/Linear_ETTh2_L336_H96_lr0.001
Linear,ETTh2,336,96,0.0005,0.1377961132401196,0.17560042670428003,,checkpoints/Linear_ETTh2_L336_H96_lr0.0005
Linear,ETTh2,336,192,0.005,0.21582340290884228,0.23330358309167698,,checkpoints/Linear_ETTh2_L336_H192_lr0.005
Linear,ETTh2,336,192,0.001,0.1826287453593087,0.21180037559242487,,checkpoints/Linear_ETTh2_L336_H192_lr0.001
Linear,ETTh2,336,192,0.0005,0.18387347704728504,0.21227657277096865,,checkpoints/Linear_ETTh2_L336_H192_lr0.0005
Linear,ETTh2,336,336,0.005,0.24743977337782885,0.30400480393810686,,checkpoints/Linear_ETTh2_L336_H336_lr0.005
Linear,ETTh2,336,336,0.001,0.21267695900030828,0.24967646450097059,,checkpoints/Linear_ETTh2_L336_H336_lr0.001
Linear,ETTh2,336,336,0.0005,0.21679843883734556,0.24667043361542032,,checkpoints/Linear_ETTh2_L336_H336_lr0.0005
Linear,ETTh2,336,720,0.005,0.35161808942656225,0.3824490764484754,,checkpoints/Linear_ETTh2_L336_H720_lr0.005
Linear,ETTh2,336,720,0.001,0.30054077175081684,0.32147009017041633,,checkpoints/Linear_ETTh2_L336_H720_lr0.001
Linear,ETTh2,336,720,0.0005,0.28655694315467706,0.31614183757604136,,checkpoints/Linear_ETTh2_L336_H720_lr0.0005
NLinear,ETTh2,96,96,0.005,0.12898416029058624,0.18114518369656704,,checkpoints/NLinear_ETTh2_L96_H96_lr0.005
NLinear,ETTh2,96,96,0.001,0.1262066628870887,0.18041247787285108,,checkpoints/NLinear_ETTh2_L96_H96_lr0.001
NLinear,ETTh2,96,96,0.0005,0.12675668101764453,0.17895233437178165,,checkpoints/NLinear_ETTh2_L96_H96_lr0.0005
NLinear,ETTh2,96,192,0.005,0.18073097132936025,0.2175556133120598,,checkpoints/NLinear_ETTh2_L96_H192_lr0.005
NLinear,ETTh2,96,192,0.001,0.17794020887908993,0.21237787948460685,,checkpoints/NLinear_ETTh2_L96_H192_lr0.001
NLinear,ETTh2,96,192,0.0005,0.1790555157307667,0.21356993297432914,,checkpoints/NLinear_ETTh2_L96_H192_lr0.0005
NLinear,ETTh2,96,336,0.005,0.22463491999330126,0.2554102578484005,,checkpoints/NLinear_ETTh2_L96_H336_lr0.005
NLinear,ETTh2,96,336,0.001,0.22212987812071278,0.2535478264854559,,checkpoints/NLinear_ETTh2_L96_H336_lr0.001
NLinear,ETTh2,96,336,0.0005,0.22148952165029373,0.2520656493768711,,checkpoints/NLinear_ETTh2_L96_H336_lr0.0005
NLinear,ETTh2,96,720,0.005,0.2519478258133376,0.360829771040822,,checkpoints/NLinear_ETTh2_L96_H720_lr0.005
NLinear,ETTh2,96,720,0.001,0.2454880739267862,0.35693077256231603,,checkpoints/NLinear_ETTh2_L96_H720_lr0.001
NLinear,ETTh2,96,720,0.0005,0.24719223672457724,0.3585870726372786,,checkpoints/NLinear_ETTh2_L96_H720_lr0.0005
NLinear,ETTh2,336,96,0.005,0.15068183671582752,0.1833602171906235,,checkpoints/NLinear_ETTh2_L336_H96_lr0.005
NLinear,ETTh2,336,96,0.001,0.14244569506583138,0.17743163810678403,,checkpoints/NLinear_ETTh2_L336_H96_lr0.001
NLinear,ETTh2,336,96,0.0005,0.1311125812640738,0.174067508948288,,checkpoints/NLinear_ETTh2_L336_H96_lr0.0005
NLinear,ETTh2,336,192,0.005,0.1824926074473731,0.21706958161926748,,checkpoints/NLinear_ETTh2_L336_H192_lr0.005
NLinear,ETTh2,336,192,0.001,0.17578688554269045,0.2128347541462227,,checkpoints/NLinear_ETTh2_L336_H192_lr0.001
NLinear,ETTh2,336,192,0.0005,0.17919360668121018,0.21500811183616636,,checkpoints/NLinear_ETTh2_L336_H192_lr0.0005
NLinear,ETTh2,336,336,0.005,0.24006584933089836,0.2809844932762251,,checkpoints/NLinear_ETTh2_L336_H336_lr0.005
NLinear,ETTh2,336,336,0.001,0.21234555302996533,0.2522988860054428,,checkpoints/NLinear_ETTh2_L336_H336_lr0.001
NLinear,ETTh2,336,336,0.0005,0.19917663584055273,0.2536157740591083,,checkpoints/NLinear_ETTh2_L336_H336_lr0.0005
NLinear,ETTh2,336,720,0.005,0.26594623549565954,0.382825848020265,,checkpoints/NLinear_ETTh2_L336_H720_lr0.005
NLinear,ETTh2,336,720,0.001,0.23271990583650165,0.3516896097459268,,checkpoints/NLinear_ETTh2_L336_H720_lr0.001
NLinear,ETTh2,336,720,0.0005,0.228399248048146,0.3479484847536908,,checkpoints/NLinear_ETTh2_L336_H720_lr0.0005
DLinear,ETTh2,96,96,0.005,0.14399230443275596,0.19389740955786816,,checkpoints/DLinear_ETTh2_L96_H96_lr0.005
DLinear,ETTh2,96,96,0.001,0.12789228409796258,0.1794457741095091,,checkpoints/DLinear_ETTh2_L96_H96_lr0.001
DLinear,ETTh2,96,96,0.0005,0.12817747008115643,0.1763108152407932,,checkpoints/DLinear_ETTh2_L96_H96_lr0.0005
DLinear,ETTh2,96,192,0.005,0.19856746385602003,0.22102996263363495,,checkpoints/DLinear_ETTh2_L96_H192_lr0.005
DLinear,ETTh2,96,192,0.001,0.17925600612770895,0.20964947099599665,,checkpoints/DLinear_ETTh2_L96_H192_lr0.001
DLinear,ETTh2,96,192,0.0005,0.18259048834304553,0.2095650380630394,,checkpoints/DLinear_ETTh2_L96_H192_lr0.0005
DLinear,ETTh2,96,336,0.005,0.24359029336504945,0.25530018665935766,,checkpoints/DLinear_ETTh2_L96_H336_lr0.005
DLinear,ETTh2,96,336,0.001,0.2288646545239188,0.24395145572473118,,checkpoints/DLinear_ETTh2_L96_H336_lr0.001
DLinear,ETTh2,96,336,0.0005,0.22934924102953702,0.24292951390176484,,checkpoints/DLinear_ETTh2_L96_H336_lr0.0005
DLinear,ETTh2,96,720,0.005,0.31027433641637603,0.32679892313088715,,checkpoints/DLinear_ETTh2_L96_H720_lr0.005
DLinear,ETTh2,96,720,0.001,0.33723660372628594,0.31448163381057553,,checkpoints/DLinear_ETTh2_L96_H720_lr0.001
DLinear,ETTh2,96,720,0.0005,0.3170312004114731,0.31457503160659167,,checkpoints/DLinear_ETTh2_L96_H720_lr0.0005
DLinear,ETTh2,336,96,0.005,0.15116962794769603,0.19379547504270098,,checkpoints/DLinear_ETTh2_L336_H96_lr0.005
DLinear,ETTh2,336,96,0.001,0.13670397780741994,0.17875211606708422,,checkpoints/DLinear_ETTh2_L336_H96_lr0.001
DLinear,ETTh2,336,96,0.0005,0.14197870378434338,0.17625041161020097,,checkpoints/DLinear_ETTh2_L336_H96_lr0.0005
DLinear,ETTh2,336,192,0.005,0.22141084155880328,0.2381282504516359,,checkpoints/DLinear_ETTh2_L336_H192_lr0.005
DLinear,ETTh2,336,192,0.001,0.18088210368298296,0.21269129181620844,,checkpoints/DLinear_ETTh2_L336_H192_lr0.001
DLinear,ETTh2,336,192,0.0005,0.1753379222394898,0.20965483307827357,,checkpoints/DLinear_ETTh2_L336_H192_lr0.0005
DLinear,ETTh2,336,336,0.005,0.30262343827305704,0.3207214804318658,,checkpoints/DLinear_ETTh2_L336_H336_lr0.005
DLinear,ETTh2,336,336,0.001,0.21926542735989762,0.2539688649135395,,checkpoints/DLinear_ETTh2_L336_H336_lr0.001
DLinear,ETTh2,336,336,0.0005,0.2147140263925601,0.24700933596474248,,checkpoints/DLinear_ETTh2_L336_H336_lr0.0005
DLinear,ETTh2,336,720,0.005,0.3482144749837581,0.42115460909223845,,checkpoints/DLinear_ETTh2_L336_H720_lr0.005
DLinear,ETTh2,336,720,0.001,0.291425191117679,0.32630622226267375,,checkpoints/DLinear_ETTh2_L336_H720_lr0.001
DLinear,ETTh2,336,720,0.0005,0.2891876858756918,0.32020858873486907,,checkpoints/DLinear_ETTh2_L336_H720_lr0.0005
Linear,ETTh1,192,96,0.005,0.07308687610916219,0.09715033556122327,,checkpoints/Linear_ETTh1_L192_H96_lr0.005
Linear,ETTh1,192,96,0.001,0.06499209319988744,0.09315027373322893,,checkpoints/Linear_ETTh1_L192_H96_lr0.001
Linear,ETTh1,192,96,0.0005,0.06231534523317587,0.09447631297141475,,checkpoints/Linear_ETTh1_L192_H96_lr0.0005
Linear,ETTh1,192,192,0.005,0.10371806738671648,0.11484904294537762,,checkpoints/Linear_ETTh1_L192_H192_lr0.005
Linear,ETTh1,192,192,0.001,0.07593958849532757,0.10999752670061017,,checkpoints/Linear_ETTh1_L192_H192_lr0.001
Linear,ETTh1,192,192,0.0005,0.07707085661581788,0.10996936452143828,,checkpoints/Linear_ETTh1_L192_H192_lr0.0005
Linear,ETTh1,192,336,0.005,0.10844674245957542,0.12745730039061637,,checkpoints/Linear_ETTh1_L192_H336_lr0.005
Linear,ETTh1,192,336,0.001,0.09367819363891727,0.12717137328533853,,checkpoints/Linear_ETTh1_L192_H336_lr0.001
Linear,ETTh1,192,336,0.0005,0.08492567193765771,0.1290713700131021,,checkpoints/Linear_ETTh1_L192_H336_lr0.0005
Linear,ETTh1,192,720,0.005,0.13455227866927433,0.14993918418525712,,checkpoints/Linear_ETTh1_L192_H720_lr0.005
Linear,ETTh1,192,720,0.001,0.1766136275196671,0.15277411932473048,,checkpoints/Linear_ETTh1_L192_H720_lr0.001
Linear,ETTh1,192,720,0.0005,0.17957941212073789,0.154775544945866,,checkpoints/Linear_ETTh1_L192_H720_lr0.0005
Linear,ETTh1,720,96,0.005,0.08956201636705621,0.09960508469619271,,checkpoints/Linear_ETTh1_L720_H96_lr0.005
Linear,ETTh1,720,96,0.001,0.09750387358681518,0.1010253097146375,,checkpoints/Linear_ETTh1_L720_H96_lr0.001
Linear,ETTh1,720,96,0.0005,0.0711692215670803,0.09959710529826488,,checkpoints/Linear_ETTh1_L720_H96_lr0.0005
Linear,ETTh1,720,192,0.005,0.13636101682020324,0.12196118304801723,,checkpoints/Linear_ETTh1_L720_H192_lr0.005
Linear,ETTh1,720,192,0.001,0.09837735926142942,0.1200516787619119,,checkpoints/Linear_ETTh1_L720_H192_lr0.001
Linear,ETTh1,720,192,0.0005,0.10456064905917259,0.11730185567130161,,checkpoints/Linear_ETTh1_L720_H192_lr0.0005
Linear,ETTh1,720,336,0.005,0.16669449409239417,0.1357126505412381,,checkpoints/Linear_ETTh1_L720_H336_lr0.005
Linear,ETTh1,720,336,0.001,0.12156333868887663,0.1329834088243998,,checkpoints/Linear_ETTh1_L720_H336_lr0.001
Linear,ETTh1,720,336,0.0005,0.10944820550253911,0.1340884473328506,,checkpoints/Linear_ETTh1_L720_H336_lr0.0005
Linear,ETTh1,720,720,0.005,0.40542068374151435,0.15888816398886937,,checkpoints/Linear_ETTh1_L720_H720_lr0.005
Linear,ETTh1,720,720,0.001,0.3138919443595415,0.1503423592217925,,checkpoints/Linear_ETTh1_L720_H720_lr0.001
Linear,ETTh1,720,720,0.0005,0.24924685475397088,0.14897917944736253,,checkpoints/Linear_ETTh1_L720_H720_lr0.0005
NLinear,ETTh1,192,96,0.005,0.05848929888470169,0.09697668324199571,,checkpoints/NLinear_ETTh1_L192_H96_lr0.005
NLinear,ETTh1,192,96,0.001,0.05597942281828749,0.09222852498613954,,checkpoints/NLinear_ETTh1_L192_H96_lr0.001
NLinear,ETTh1,192,96,0.0005,0.05513033034744768,0.09273824201130995,,checkpoints/NLinear_ETTh1_L192_H96_lr0.0005
NLinear,ETTh1,192,192,0.005,0.07466762303175559,0.11167614591436432,,checkpoints/NLinear_ETTh1_L192_H192_lr0.005
NLinear,ETTh1,192,192,0.001,0.06977474790477939,0.10699458933976025,,checkpoints/NLinear_ETTh1_L192_H192_lr0.001
NLinear,ETTh1,192,192,0.0005,0.06942981254072515,0.10779795944330506,,checkpoints/NLinear_ETTh1_L192_H192_lr0.0005
NLinear,ETTh1,192,336,0.005,0.08513401030381677,0.12848435506253908,,checkpoints/NLinear_ETTh1_L192_H336_lr0.005
NLinear,ETTh1,192,336,0.001,0.08028950386466586,0.12543008848000134,,checkpoints/NLinear_ETTh1_L192_H336_lr0.001
NLinear,ETTh1,192,336,0.0005,0.08068115020020772,0.12612957948551665,,checkpoints/NLinear_ETTh1_L192_H336_lr0.0005
NLinear,ETTh1,192,720,0.005,0.08183123232354615,0.16023467123260215,,checkpoints/NLinear_ETTh1_L192_H720_lr0.005
NLinear,ETTh1,192,720,0.001,0.0793840603412494,0.15740102907398795,,checkpoints/NLinear_ETTh1_L192_H720_lr0.001
NLinear,ETTh1,192,720,0.0005,0.08050568723488273,0.15872406823692473,,checkpoints/NLinear_ETTh1_L192_H720_lr0.0005
NLinear,ETTh1,720,96,0.005,0.06293649451415885,0.1059911400775293,,checkpoints/NLinear_ETTh1_L720_H96_lr0.005
NLinear,ETTh1,720,96,0.001,0.05515174586693731,0.09610229259627726,,checkpoints/NLinear_ETTh1_L720_H96_lr0.001
NLinear,ETTh1,720,96,0.0005,0.05742884199109925,0.09539395754812435,,checkpoints/NLinear_ETTh1_L720_H96_lr0.0005
NLinear,ETTh1,720,192,0.005,0.08618009133093328,0.12441407230517465,,checkpoints/NLinear_ETTh1_L720_H192_lr0.005
NLinear,ETTh1,720,192,0.001,0.07513217807409044,0.11038799718293882,,checkpoints/NLinear_ETTh1_L720_H192_lr0.001
NLinear,ETTh1,720,192,0.0005,0.07637427889528262,0.10997102411263669,,checkpoints/NLinear_ETTh1_L720_H192_lr0.0005
NLinear,ETTh1,720,336,0.005,0.10465881793754274,0.18953374520617525,,checkpoints/NLinear_ETTh1_L720_H336_lr0.005
NLinear,ETTh1,720,336,0.001,0.09010905504577989,0.13205979799591958,,checkpoints/NLinear_ETTh1_L720_H336_lr0.001
NLinear,ETTh1,720,336,0.0005,0.08675839789724069,0.13129209904164837,,checkpoints/NLinear_ETTh1_L720_H336_lr0.0005
NLinear,ETTh1,720,720,0.005,0.11145947830495544,0.21263402490801195,,checkpoints/NLinear_ETTh1_L720_H720_lr0.005
NLinear,ETTh1,720,720,0.001,0.09208396181967567,0.17859092665761225,,checkpoints/NLinear_ETTh1_L720_H720_lr0.001
NLinear,ETTh1,720,720,0.0005,0.09219560074011852,0.17838477505020167,,checkpoints/NLinear_ETTh1_L720_H720_lr0.0005
DLinear,ETTh1,192,96,0.005,0.0816402775380941,0.09686662467795172,,checkpoints/DLinear_ETTh1_L192_H96_lr0.005
DLinear,ETTh1,192,96,0.001,0.05997622690466191,0.091195558541232,,checkpoints/DLinear_ETTh1_L192_H96_lr0.001
DLinear,ETTh1,192,96,0.0005,0.05640039257772093,0.09120138106429598,,checkpoints/DLinear_ETTh1_L192_H96_lr0.0005
DLinear,ETTh1,192,192,0.005,0.09758341255607814,0.11568069944553723,,checkpoints/DLinear_ETTh1_L192_H192_lr0.005
DLinear,ETTh1,192,192,0.001,0.07443576050640349,0.10708685741853696,,checkpoints/DLinear_ETTh1_L192_H192_lr0.001
DLinear,ETTh1,192,192,0.0005,0.07390698383663746,0.10713079998282839,,checkpoints/DLinear_ETTh1_L192_H192_lr0.0005
DLinear,ETTh1,192,336,0.005,0.09709206791722705,0.12948728120045952,,checkpoints/DLinear_ETTh1_L192_H336_lr0.005
DLinear,ETTh1,192,336,0.001,0.08844401128224165,0.12556137148078625,,checkpoints/DLinear_ETTh1_L192_H336_lr0.001
DLinear,ETTh1,192,336,0.0005,0.09241608351117736,0.12599725825144875,,checkpoints/DLinear_ETTh1_L192_H336_lr0.0005
DLinear,ETTh1,192,720,0.005,0.13065829246284674,0.15359107439079972,,checkpoints/DLinear_ETTh1_L192_H720_lr0.005
DLinear,ETTh1,192,720,0.001,0.1970668908610271,0.15080450597955694,,checkpoints/DLinear_ETTh1_L192_H720_lr0.001
DLinear,ETTh1,192,720,0.0005,0.16787430630244352,0.15115619068452463,,checkpoints/DLinear_ETTh1_L192_H720_lr0.0005
DLinear,ETTh1,720,96,0.005,0.09967458530645182,0.11195316018011668,,checkpoints/DLinear_ETTh1_L720_H96_lr0.005
DLinear,ETTh1,720,96,0.001,0.06359772439544462,0.0979219664082172,,checkpoints/DLinear_ETTh1_L720_H96_lr0.001
DLinear,ETTh1,720,96,0.0005,0.0644284554615055,0.09627118030934188,,checkpoints/DLinear_ETTh1_L720_H96_lr0.0005
DLinear,ETTh1,720,192,0.005,0.15855589073446436,0.1287186406677476,,checkpoints/DLinear_ETTh1_L720_H192_lr0.005
DLinear,ETTh1,720,192,0.001,0.09206529542687392,0.1130882541584277,,checkpoints/DLinear_ETTh1_L720_H192_lr0.001
DLinear,ETTh1,720,192,0.0005,0.10603288129697994,0.11551702906564294,,checkpoints/DLinear_ETTh1_L720_H192_lr0.0005
DLinear,ETTh1,720,336,0.005,0.21228078492498118,0.14871041870772955,,checkpoints/DLinear_ETTh1_L720_H336_lr0.005
DLinear,ETTh1,720,336,0.001,0.10611562019539722,0.1318588545608146,,checkpoints/DLinear_ETTh1_L720_H336_lr0.001
DLinear,ETTh1,720,336,0.0005,0.09150440546817536,0.12658229871325502,,checkpoints/DLinear_ETTh1_L720_H336_lr0.0005
DLinear,ETTh1,720,720,0.005,0.35973902408693853,0.17587046116962857,,checkpoints/DLinear_ETTh1_L720_H720_lr0.005
DLinear,ETTh1,720,720,0.001,0.2538352424433142,0.1521376095357067,,checkpoints/DLinear_ETTh1_L720_H720_lr0.001
DLinear,ETTh1,720,720,0.0005,0.2653678338845424,0.14576399701439302,,checkpoints/DLinear_ETTh1_L720_H720_lr0.0005
Linear,ETTh2,192,96,0.005,0.16912140504890114,0.19145533706812284,,checkpoints/Linear_ETTh2_L192_H96_lr0.005
Linear,ETTh2,192,96,0.001,0.1373897202139055,0.17406743344059966,,checkpoints/Linear_ETTh2_L192_H96_lr0.001
Linear,ETTh2,192,96,0.0005,0.13477399722142963,0.1733159547434247,,checkpoints/Linear_ETTh2_L192_H96_lr0.0005
Linear,ETTh2,192,192,0.005,0.19941266345441364,0.22327618432664526,,checkpoints/Linear_ETTh2_L192_H192_lr0.005
Linear,ETTh2,192,192,0.001,0.1843419075455529,0.20977783798007726,,checkpoints/Linear_ETTh2_L192_H192_lr0.001
Linear,ETTh2,192,192,0.0005,0.1805761975342565,0.20688198847635922,,checkpoints/Linear_ETTh2_L192_H192_lr0.0005
Linear,ETTh2,192,336,0.005,0.23875725687955357,0.2563214376539519,,checkpoints/Linear_ETTh2_L192_H336_lr0.005
Linear,ETTh2,192,336,0.001,0.21993595684909634,0.24828532886177243,,checkpoints/Linear_ETTh2_L192_H336_lr0.001
Linear,ETTh2,192,336,0.0005,0.22285881143773234,0.2465376490108625,,checkpoints/Linear_ETTh2_L192_H336_lr0.0005
Linear,ETTh2,192,720,0.005,0.30909761222409515,0.33352136898791,,checkpoints/Linear_ETTh2_L192_H720_lr0.005
Linear,ETTh2,192,720,0.001,0.30239699487882543,0.3156639684865674,,checkpoints/Linear_ETTh2_L192_H720_lr0.001
Linear,ETTh2,192,720,0.0005,0.30999468128364543,0.3134046057786505,,checkpoints/Linear_ETTh2_L192_H720_lr0.0005
Linear,ETTh2,720,96,0.005,0.16876901523001103,0.1914509604659928,,checkpoints/Linear_ETTh2_L720_H96_lr0.005
Linear,ETTh2,720,96,0.001,0.15634914431955058,0.17795766607809752,,checkpoints/Linear_ETTh2_L720_H96_lr0.001
Linear,ETTh2,720,96,0.0005,0.1474042922204872,0.17773522005903014,,checkpoints/Linear_ETTh2_L720_H96_lr0.0005
Linear,ETTh2,720,192,0.005,0.21934793947708567,0.2620209136048894,,checkpoints/Linear_ETTh2_L720_H192_lr0.005
Linear,ETTh2,720,192,0.001,0.18581654742642734,0.22229257580647907,,checkpoints/Linear_ETTh2_L720_H192_lr0.001
Linear,ETTh2,720,192,0.0005,0.1815697534814028,0.21875904019757159,,checkpoints/Linear_ETTh2_L720_H192_lr0.0005
Linear,ETTh2,720,336,0.005,0.32316007576663275,0.41766160320205165,,checkpoints/Linear_ETTh2_L720_H336_lr0.005
Linear,ETTh2,720,336,0.001,0.22385667564241263,0.27471366687467386,,checkpoints/Linear_ETTh2_L720_H336_lr0.001
Linear,ETTh2,720,336,0.0005,0.20384839903160726,0.2649742527420254,,checkpoints/Linear_ETTh2_L720_H336_lr0.0005
Linear,ETTh2,720,720,0.005,0.33632796328413106,0.48401587485081066,,checkpoints/Linear_ETTh2_L720_H720_lr0.005
Linear,ETTh2,720,720,0.001,0.24740913805449688,0.35660379950589793,,checkpoints/Linear_ETTh2_L720_H720_lr0.001
Linear,ETTh2,720,720,0.0005,0.24659836859765952,0.3487051408746517,,checkpoints/Linear_ETTh2_L720_H720_lr0.0005
NLinear,ETTh2,192,96,0.005,0.14063505125859052,0.18302462198361888,,checkpoints/NLinear_ETTh2_L192_H96_lr0.005
NLinear,ETTh2,192,96,0.001,0.131449348882135,0.17381599668005424,,checkpoints/NLinear_ETTh2_L192_H96_lr0.001
NLinear,ETTh2,192,96,0.0005,0.1327993836822373,0.17102577011075867,,checkpoints/NLinear_ETTh2_L192_H96_lr0.0005
NLinear,ETTh2,192,192,0.005,0.18579780307898694,0.2168215696529169,,checkpoints/NLinear_ETTh2_L192_H192_lr0.005
NLinear,ETTh2,192,192,0.001,0.17850494661841884,0.2089014129596113,,checkpoints/NLinear_ETTh2_L192_H192_lr0.001
NLinear,ETTh2,192,192,0.0005,0.17600488949770732,0.2078351177283493,,checkpoints/NLinear_ETTh2_L192_H192_lr0.0005
NLinear,ETTh2,192,336,0.005,0.21185330099815938,0.2542658122325927,,checkpoints/NLinear_ETTh2_L192_H336_lr0.005
NLinear,ETTh2,192,336,0.001,0.20816095199706747,0.25030389704498185,,checkpoints/NLinear_ETTh2_L192_H336_lr0.001
NLinear,ETTh2,192,336,0.0005,0.20766989707009967,0.25136140965525433,,checkpoints/NLinear_ETTh2_L192_H336_lr0.0005
NLinear,ETTh2,192,720,0.005,0.24526057579571425,0.359829637875771,,checkpoints/NLinear_ETTh2_L192_H720_lr0.005
NLinear,ETTh2,192,720,0.001,0.23497540278602452,0.35039818708899945,,checkpoints/NLinear_ETTh2_L192_H720_lr0.001
NLinear,ETTh2,192,720,0.0005,0.23638813170720338,0.35076393873147643,,checkpoints/NLinear_ETTh2_L192_H720_lr0.0005
NLinear,ETTh2,720,96,0.005,0.15441572553540048,0.17731513190526293,,checkpoints/NLinear_ETTh2_L720_H96_lr0.005
NLinear,ETTh2,720,96,0.001,0.14313589437752694,0.1729297240477062,,checkpoints/NLinear_ETTh2_L720_H96_lr0.001
NLinear,ETTh2,720,96,0.0005,0.14017564719358938,0.1703752612698442,,checkpoints/NLinear_ETTh2_L720_H96_lr0.0005
NLinear,ETTh2,720,192,0.005,0.19595500191776846,0.2330821828577943,,checkpoints/NLinear_ETTh2_L720_H192_lr0.005
NLinear,ETTh2,720,192,0.001,0.17333285683989746,0.2088900784611724,,checkpoints/NLinear_ETTh2_L720_H192_lr0.001
NLinear,ETTh2,720,192,0.0005,0.1791077631363952,0.21058887618709204,,checkpoints/NLinear_ETTh2_L720_H192_lr0.0005
NLinear,ETTh2,720,336,0.005,0.21768241366609375,0.31380204036099973,,checkpoints/NLinear_ETTh2_L720_H336_lr0.005
NLinear,ETTh2,720,336,0.001,0.19845788540915094,0.2571995306108696,,checkpoints/NLinear_ETTh2_L720_H336_lr0.001
NLinear,ETTh2,720,336,0.0005,0.19712728421205622,0.25344883510312305,,checkpoints/NLinear_ETTh2_L720_H336_lr0.0005
NLinear,ETTh2,720,720,0.005,0.2797105787308996,0.45301379319254526,,checkpoints/NLinear_ETTh2_L720_H720_lr0.005
NLinear,ETTh2,720,720,0.001,0.2328894589232494,0.37905107985376923,,checkpoints/NLinear_ETTh2_L720_H720_lr0.001
NLinear,ETTh2,720,720,0.0005,0.22335526677454473,0.3814692198954374,,checkpoints/NLinear_ETTh2_L720_H720_lr0.0005
DLinear,ETTh2,192,96,0.005,0.16547446845356822,0.2000514947319373,,checkpoints/DLinear_ETTh2_L192_H96_lr0.005
DLinear,ETTh2,192,96,0.001,0.138491376306146,0.17443941448492464,,checkpoints/DLinear_ETTh2_L192_H96_lr0.001
DLinear,ETTh2,192,96,0.0005,0.13448962383574173,0.1730922556811646,,checkpoints/DLinear_ETTh2_L192_H96_lr0.0005
DLinear,ETTh2,192,192,0.005,0.21422439360871284,0.23567352374248807,,checkpoints/DLinear_ETTh2_L192_H192_lr0.005
DLinear,ETTh2,192,192,0.001,0.18554936051812035,0.20802690699425005,,checkpoints/DLinear_ETTh2_L192_H192_lr0.001
DLinear,ETTh2,192,192,0.0005,0.18485935873017076,0.20726336649068008,,checkpoints/DLinear_ETTh2_L192_H192_lr0.0005
DLinear,ETTh2,192,336,0.005,0.2608630607252271,0.2642349127467817,,checkpoints/DLinear_ETTh2_L192_H336_lr0.005
DLinear,ETTh2,192,336,0.001,0.21785569664068916,0.24823453247195845,,checkpoints/DLinear_ETTh2_L192_H336_lr0.001
DLinear,ETTh2,192,336,0.0005,0.22225364102361714,0.2449730236778559,,checkpoints/DLinear_ETTh2_L192_H336_lr0.0005
DLinear,ETTh2,192,720,0.005,0.3289381318735558,0.33135836435269006,,checkpoints/DLinear_ETTh2_L192_H720_lr0.005
DLinear,ETTh2,192,720,0.001,0.3113877646683654,0.3152636262014584,,checkpoints/DLinear_ETTh2_L192_H720_lr0.001
DLinear,ETTh2,192,720,0.0005,0.3002690689975274,0.31209025799897133,,checkpoints/DLinear_ETTh2_L192_H720_lr0.0005
DLinear,ETTh2,720,96,0.005,0.20194474518085082,0.22959477996162708,,checkpoints/DLinear_ETTh2_L720_H96_lr0.005
DLinear,ETTh2,720,96,0.001,0.15264543595605093,0.17990903123223376,,checkpoints/DLinear_ETTh2_L720_H96_lr0.001
DLinear,ETTh2,720,96,0.0005,0.1485099278403784,0.17339346032703373,,checkpoints/DLinear_ETTh2_L720_H96_lr0.0005
DLinear,ETTh2,720,192,0.005,0.2366468689839784,0.2779351285273987,,checkpoints/DLinear_ETTh2_L720_H192_lr0.005
DLinear,ETTh2,720,192,0.001,0.18694075431110868,0.22153664017896219,,checkpoints/DLinear_ETTh2_L720_H192_lr0.001
DLinear,ETTh2,720,192,0.0005,0.18187533827154287,0.21989058491082253,,checkpoints/DLinear_ETTh2_L720_H192_lr0.0005
DLinear,ETTh2,720,336,0.005,0.3563316876855487,0.435994485061623,,checkpoints/DLinear_ETTh2_L720_H336_lr0.005
DLinear,ETTh2,720,336,0.001,0.20959112212091158,0.274515811820864,,checkpoints/DLinear_ETTh2_L720_H336_lr0.001
DLinear,ETTh2,720,336,0.0005,0.19523803618661548,0.2606793469143757,,checkpoints/DLinear_ETTh2_L720_H336_lr0.0005
DLinear,ETTh2,720,720,0.005,0.3622680662793729,0.5867150744206924,,checkpoints/DLinear_ETTh2_L720_H720_lr0.005
DLinear,ETTh2,720,720,0.001,0.25752400649967483,0.35539368905164975,,checkpoints/DLinear_ETTh2_L720_H720_lr0.001
DLinear,ETTh2,720,720,0.0005,0.24767719553968853,0.35070916506246747,,checkpoints/DLinear_ETTh2_L720_H720_lr0.0005
Linear,Weather,96,96,0.005,0.006429080452075975,0.0033383618904052753,,checkpoints/Linear_Weather_L96_H96_lr0.005
Linear,Weather,96,96,0.001,0.00572454374979361,0.0029733623975485026,,checkpoints/Linear_Weather_L96_H96_lr0.001
Linear,Weather,96,96,0.0005,0.005872490236871946,0.003054110297604294,,checkpoints/Linear_Weather_L96_H96_lr0.0005
Linear,Weather,96,192,0.005,0.006224886074783906,0.003457860476289678,,checkpoints/Linear_Weather_L96_H192_lr0.005
Linear,Weather,96,192,0.001,0.0062913804364892675,0.0032137049942313717,,checkpoints/Linear_Weather_L96_H192_lr0.001
Linear,Weather,96,192,0.0005,0.006720006372224243,0.003395198665425987,,checkpoints/Linear_Weather_L96_H192_lr0.0005
Linear,Weather,96,336,0.005,0.0077921535544186,0.003754280001360149,,checkpoints/Linear_Weather_L96_H336_lr0.005
Linear,Weather,96,336,0.001,0.007116831990778249,0.003358592294266799,,checkpoints/Linear_Weather_L96_H336_lr0.001
Linear,Weather,96,336,0.0005,0.007313960501764221,0.003428607919284293,,checkpoints/Linear_Weather_L96_H336_lr0.0005
Linear,Weather,96,720,0.005,0.007564437326672157,0.0035951328933726354,,checkpoints/Linear_Weather_L96_H720_lr0.005
Linear,Weather,96,720,0.001,0.007426315933793074,0.0033573839740883415,,checkpoints/Linear_Weather_L96_H720_lr0.001
Linear,Weather,96,720,0.0005,0.007482609748588904,0.0033618466493724824,,checkpoints/Linear_Weather_L96_H720_lr0.0005
Linear,Weather,192,96,0.005,0.005750850250553364,0.003253374216005441,,checkpoints/Linear_Weather_L192_H96_lr0.005
Linear,Weather,192,96,0.001,0.005674974300222478,0.00298958481077755,,checkpoints/Linear_Weather_L192_H96_lr0.001
Linear,Weather,192,96,0.0005,0.0063121269606101526,0.0031784026915326054,,checkpoints/Linear_Weather_L192_H96_lr0.0005
Linear,Weather,192,192,0.005,0.007029092197544537,0.003930183540598383,,checkpoints/Linear_Weather_L192_H192_lr0.005
Linear,Weather,192,192,0.001,0.006621674264202632,0.003297149740559426,,checkpoints/Linear_Weather_L192_H192_lr0.001
Linear,Weather,192,192,0.0005,0.006953520970411805,0.003443475458522251,,checkpoints/Linear_Weather_L192_H192_lr0.0005
Linear,Weather,192,336,0.005,0.008077646930772156,0.00412909854151784,,checkpoints/Linear_Weather_L192_H336_lr0.005
Linear,Weather,192,336,0.001,0.0070839272640384685,0.0034211286716950644,,checkpoints/Linear_Weather_L192_H336_lr0.001
Linear,Weather,192,336,0.0005,0.007171903119780507,0.00346168925847146,,checkpoints/Linear_Weather_L192_H336_lr0.0005
Linear,Weather,192,720,0.005,0.009387650275761052,0.004445284785522652,,checkpoints/Linear_Weather_L192_H720_lr0.005
Linear,Weather,192,720,0.001,0.007304706613720085,0.0033102030223578984,,checkpoints/Linear_Weather_L192_H720_lr0.001
Linear,Weather,192,720,0.0005,0.007341195965683953,0.0032962261876071917,,checkpoints/Linear_Weather_L192_H720_lr0.0005
Linear,Weather,336,96,0.005,0.008895241628697908,0.005503179643692907,,checkpoints/Linear_Weather_L336_H96_lr0.005
Linear,Weather,336,96,0.001,0.005674841839739059,0.0030722186747959386,,checkpoints/Linear_Weather_L336_H96_lr0.001
Linear,Weather,336,96,0.0005,0.006123091752978373,0.003232804075098611,,checkpoints/Linear_Weather_L336_H96_lr0.0005
Linear,Weather,336,192,0.005,0.009241932968418038,0.004649172584844651,,checkpoints/Linear_Weather_L336_H192_lr0.005
Linear,Weather,336,192,0.001,0.006859610806633872,0.003333160110770918,,checkpoints/Linear_Weather_L336_H192_lr0.001
Linear,Weather,336,192,0.0005,0.006900137521076387,0.0033728667685761324,,checkpoints/Linear_Weather_L336_H192_lr0.0005
Linear,Weather,336,336,0.005,0.011119608319200861,0.005284747291537939,,checkpoints/Linear_Weather_L336_H336_lr0.005
Linear,Weather,336,336,0.001,0.007613776417700094,0.0034948524752352965,,checkpoints/Linear_Weather_L336_H336_lr0.001
Linear,Weather,336,336,0.0005,0.0075312334374872825,0.0034871884336339968,,checkpoints/Linear_Weather_L336_H336_lr0.0005
Linear,Weather,336,720,0.005,0.00987857510860633,0.005132667137479711,,checkpoints/Linear_Weather_L336_H720_lr0.005
Linear,Weather,336,720,0.001,0.007823913152148958,0.003575382936064079,,checkpoints/Linear_Weather_L336_H720_lr0.001
Linear,Weather,336,720,0.0005,0.007253754278307953,0.003282362453460631,,checkpoints/Linear_Weather_L336_H720_lr0.0005
Linear,Weather,720,96,0.005,0.01426619945115454,0.008867661616570445,,checkpoints/Linear_Weather_L720_H96_lr0.005
Linear,Weather,720,96,0.001,0.005503220095361193,0.00283641959801135,,checkpoints/Linear_Weather_L720_H96_lr0.001
Linear,Weather,720,96,0.0005,0.0054839926166042555,0.0028809713878518452,,checkpoints/Linear_Weather_L720_H96_lr0.0005
Linear,Weather,720,192,0.005,0.016263982768361048,0.008891019918861076,,checkpoints/Linear_Weather_L720_H192_lr0.005
Linear,Weather,720,192,0.001,0.006828920737281732,0.003555622953778109,,checkpoints/Linear_Weather_L720_H192_lr0.001
Linear,Weather,720,192,0.0005,0.006997302925940492,0.003326866077651611,,checkpoints/Linear_Weather_L720_H192_lr0.0005
Linear,Weather,720,336,0.005,0.01877053010965177,0.009447020499464156,,checkpoints/Linear_Weather_L720_H336_lr0.005
Linear,Weather,720,336,0.001,0.007543101472794872,0.003471912543254542,,checkpoints/Linear_Weather_L720_H336_lr0.001
Linear,Weather,720,336,0.0005,0.0075513393340122985,0.0034491381490934572,,checkpoints/Linear_Weather_L720_H336_lr0.0005
Linear,Weather,720,720,0.005,0.018095851734639845,0.009949701731128873,,checkpoints/Linear_Weather_L720_H720_lr0.005
Linear,Weather,720,720,0.001,0.008424148483877349,0.003713697233291119,,checkpoints/Linear_Weather_L720_H720_lr0.001
Linear,Weather,720,720,0.0005,0.007840334968250002,0.003452655834858108,,checkpoints/Linear_Weather_L720_H720_lr0.0005
NLinear,Weather,96,96,0.005,0.0013660310087284305,0.0019179975234636605,,checkpoints/NLinear_Weather_L96_H96_lr0.005
NLinear,Weather,96,96,0.001,0.0011800185279873295,0.00178320876198564,,checkpoints/NLinear_Weather_L96_H96_lr0.001
NLinear,Weather,96,96,0.0005,0.001236263157068108,0.0018477757887405287,,checkpoints/NLinear_Weather_L96_H96_lr0.0005
NLinear,Weather,96,192,0.005,0.0016700750500892668,0.002698176671716672,,checkpoints/NLinear_Weather_L96_H192_lr0.005
NLinear,Weather,96,192,0.001,0.001466124240743754,0.0021890079012507942,,checkpoints/NLinear_Weather_L96_H192_lr0.001
NLinear,Weather,96,192,0.0005,0.0013550748450486948,0.0021512260499995835,,checkpoints/NLinear_Weather_L96_H192_lr0.0005
NLinear,Weather,96,336,0.005,0.0018794240482438165,0.0028694149727868756,,checkpoints/NLinear_Weather_L96_H336_lr0.005
NLinear,Weather,96,336,0.001,0.001567361235326861,0.0023761968946197335,,checkpoints/NLinear_Weather_L96_H336_lr0.001
NLinear,Weather,96,336,0.0005,0.0015827531445140321,0.002391342688177762,,checkpoints/NLinear_Weather_L96_H336_lr0.0005
NLinear,Weather,96,720,0.005,0.0023018612196340957,0.003007367640965739,,checkpoints/NLinear_Weather_L96_H720_lr0.005
NLinear,Weather,96,720,0.001,0.0019407866128208803,0.0025725781612153955,,checkpoints/NLinear_Weather_L96_H720_lr0.001
NLinear,Weather,96,720,0.0005,0.001917260772134666,0.0025207941410978823,,checkpoints/NLinear_Weather_L96_H720_lr0.0005
NLinear,Weather,192,96,0.005,0.0016022295477470948,0.002516793994922828,,checkpoints/NLinear_Weather_L192_H96_lr0.005
NLinear,Weather,192,96,0.001,0.0014972287281581813,0.002048917975587865,,checkpoints/NLinear_Weather_L192_H96_lr0.001
NLinear,Weather,192,96,0.0005,0.001248075461245253,0.0020301286149927446,,checkpoints/NLinear_Weather_L192_H96_lr0.0005
NLinear,Weather,192,192,0.005,0.0017089827552363894,0.0026246691256529473,,checkpoints/NLinear_Weather_L192_H192_lr0.005
NLinear,Weather,192,192,0.001,0.0014002568953158238,0.0022370290096988543,,checkpoints/NLinear_Weather_L192_H192_lr0.001
NLinear,Weather,192,192,0.0005,0.0013083319525001964,0.0021922827920570712,,checkpoints/NLinear_Weather_L192_H192_lr0.0005
NLinear,Weather,192,336,0.005,0.0018004037043826515,0.0027772351080119365,,checkpoints/NLinear_Weather_L192_H336_lr0.005
NLinear,Weather,192,336,0.001,0.0015388278287592132,0.002455163068052055,,checkpoints/NLinear_Weather_L192_H336_lr0.001
NLinear,Weather,192,336,0.0005,0.0015829744152853922,0.00242564234896005,,checkpoints/NLinear_Weather_L192_H336_lr0.0005
NLinear,Weather,192,720,0.005,0.0028763737491542727,0.003680607553852739,,checkpoints/NLinear_Weather_L192_H720_lr0.005
NLinear,Weather,192,720,0.001,0.0020582999331503252,0.0026686647676661215,,checkpoints/NLinear_Weather_L192_H720_lr0.001
NLinear,Weather,192,720,0.0005,0.00196845412623684,0.0025141350722760894,,checkpoints/NLinear_Weather_L192_H720_lr0.0005
NLinear,Weather,336,96,0.005,0.00218634433184587,0.003105028805840307,,checkpoints/NLinear_Weather_L336_H96_lr0.005
NLinear,Weather,336,96,0.001,0.0012499663369162498,0.002356414600305392,,checkpoints/NLinear_Weather_L336_H96_lr0.001
NLinear,Weather,336,96,0.0005,0.0010261653373512783,0.0020030261914640306,,checkpoints/NLinear_Weather_L336_H96_lr0.0005
NLinear,Weather,336,192,0.005,0.0027174653956058828,0.004249188060086556,,checkpoints/NLinear_Weather_L336_H192_lr0.005
NLinear,Weather,336,192,0.001,0.0013689178949848444,0.002311740961453724,,checkpoints/NLinear_Weather_L336_H192_lr0.001
NLinear,Weather,336,192,0.0005,0.0012533935034528482,0.002226203607197749,,checkpoints/NLinear_Weather_L336_H192_lr0.0005
NLinear,Weather,336,336,0.005,0.002138415135518873,0.003453250462982953,,checkpoints/NLinear_Weather_L336_H336_lr0.005
NLinear,Weather,336,336,0.001,0.0014828470635036858,0.002372730260032977,,checkpoints/NLinear_Weather_L336_H336_lr0.001
NLinear,Weather,336,336,0.0005,0.001471876959359723,0.0023483255101865667,,checkpoints/NLinear_Weather_L336_H336_lr0.0005
NLinear,Weather,336,720,0.005,0.002107681045097781,0.002764448200410171,,checkpoints/NLinear_Weather_L336_H720_lr0.005
NLinear,Weather,336,720,0.001,0.0019180367825271066,0.0024595924459330392,,checkpoints/NLinear_Weather_L336_H720_lr0.001
NLinear,Weather,336,720,0.0005,0.001923888047407735,0.002410760287891506,,checkpoints/NLinear_Weather_L336_H720_lr0.0005
NLinear,Weather,720,96,0.005,0.002262569847173879,0.0032749319030633867,,checkpoints/NLinear_Weather_L720_H96_lr0.005
NLinear,Weather,720,96,0.001,0.0015202454783850576,0.002222533681337971,,checkpoints/NLinear_Weather_L720_H96_lr0.001
NLinear,Weather,720,96,0.0005,0.0014285120392211078,0.002135064406553015,,checkpoints/NLinear_Weather_L720_H96_lr0.0005
NLinear,Weather,720,192,0.005,0.0030000524709833266,0.0038835424783149495,,checkpoints/NLinear_Weather_L720_H192_lr0.005
NLinear,Weather,720,192,0.001,0.0017632189774322562,0.002412711377316596,,checkpoints/NLinear_Weather_L720_H192_lr0.001
NLinear,Weather,720,192,0.0005,0.001578825041462932,0.002309827919986399,,checkpoints/NLinear_Weather_L720_H192_lr0.0005
NLinear,Weather,720,336,0.005,0.0026495234075013443,0.003851131862441632,,checkpoints/NLinear_Weather_L720_H336_lr0.005
NLinear,Weather,720,336,0.001,0.0018124403974200203,0.0023782489097691076,,checkpoints/NLinear_Weather_L720_H336_lr0.001
NLinear,Weather,720,336,0.0005,0.0018008548759050572,0.0023199326585383226,,checkpoints/NLinear_Weather_L720_H336_lr0.0005
NLinear,Weather,720,720,0.005,0.003087900182538252,0.0032511789503033555,,checkpoints/NLinear_Weather_L720_H720_lr0.005
NLinear,Weather,720,720,0.001,0.002356714145985782,0.002345084096029629,,checkpoints/NLinear_Weather_L720_H720_lr0.001
NLinear,Weather,720,720,0.0005,0.002197731876925773,0.002202553685823236,,checkpoints/NLinear_Weather_L720_H720_lr0.0005
DLinear,Weather,96,96,0.005,0.005338202652350908,0.0028539017229372576,,checkpoints/DLinear_Weather_L96_H96_lr0.005
DLinear,Weather,96,96,0.001,0.0048774560931032565,0.0024723601162419074,,checkpoints/DLinear_Weather_L96_H96_lr0.001
DLinear,Weather,96,96,0.0005,0.005176751128494472,0.002710370342431449,,checkpoints/DLinear_Weather_L96_H96_lr0.0005
DLinear,Weather,96,192,0.005,0.007929583772568291,0.003923416391264275,,checkpoints/DLinear_Weather_L96_H192_lr0.005
DLinear,Weather,96,192,0.001,0.0068450135991145345,0.003393040393883309,,checkpoints/DLinear_Weather_L96_H192_lr0.001
DLinear,Weather,96,192,0.0005,0.006489427974994522,0.0032610490031996335,,checkpoints/DLinear_Weather_L96_H192_lr0.0005
DLinear,Weather,96,336,0.005,0.00773176440988794,0.0038086663505136533,,checkpoints/DLinear_Weather_L96_H336_lr0.005
DLinear,Weather,96,336,0.001,0.006874372768572616,0.0032912000969705928,,checkpoints/DLinear_Weather_L96_H336_lr0.001
DLinear,Weather,96,336,0.0005,0.006838665691283107,0.003265395766811455,,checkpoints/DLinear_Weather_L96_H336_lr0.0005
DLinear,Weather,96,720,0.005,0.00871912744948617,0.004096266280901187,,checkpoints/DLinear_Weather_L96_H720_lr0.005
DLinear,Weather,96,720,0.001,0.0071955963730373496,0.0033147491939837684,,checkpoints/DLinear_Weather_L96_H720_lr0.001
DLinear,Weather,96,720,0.0005,0.006897675249642117,0.003065986937675405,,checkpoints/DLinear_Weather_L96_H720_lr0.0005
DLinear,Weather,192,96,0.005,0.008328557452312152,0.004645357589848137,,checkpoints/DLinear_Weather_L192_H96_lr0.005
DLinear,Weather,192,96,0.001,0.005554978553773346,0.0027619597117221804,,checkpoints/DLinear_Weather_L192_H96_lr0.001
DLinear,Weather,192,96,0.0005,0.005715849232757357,0.0028841707003688685,,checkpoints/DLinear_Weather_L192_H96_lr0.0005
DLinear,Weather,192,192,0.005,0.00862796877287251,0.004805223729051374,,checkpoints/DLinear_Weather_L192_H192_lr0.005
DLinear,Weather,192,192,0.001,0.006872705275558432,0.003364319268480749,,checkpoints/DLinear_Weather_L192_H192_lr0.001
DLinear,Weather,192,192,0.0005,0.00705625604670799,0.0034194198960111628,,checkpoints/DLinear_Weather_L192_H192_lr0.0005
DLinear,Weather,192,336,0.005,0.008792624296374433,0.0046443334510058954,,checkpoints/DLinear_Weather_L192_H336_lr0.005
DLinear,Weather,192,336,0.001,0.0069661163209471235,0.0032919211130284587,,checkpoints/DLinear_Weather_L192_H336_lr0.001
DLinear,Weather,192,336,0.0005,0.006961375449155427,0.0033217866152371388,,checkpoints/DLinear_Weather_L192_H336_lr0.0005
DLinear,Weather,192,720,0.005,0.009783829587249663,0.0049195493819035215,,checkpoints/DLinear_Weather_L192_H720_lr0.005
DLinear,Weather,192,720,0.001,0.007058560904483509,0.003330524225972681,,checkpoints/DLinear_Weather_L192_H720_lr0.001
DLinear,Weather,192,720,0.0005,0.007130068101182232,0.0032336324049586336,,checkpoints/DLinear_Weather_L192_H720_lr0.0005
DLinear,Weather,336,96,0.005,0.009639273998124833,0.005214597389649637,,checkpoints/DLinear_Weather_L336_H96_lr0.005
DLinear,Weather,336,96,0.001,0.0044028141756426355,0.002666443301222141,,checkpoints/DLinear_Weather_L336_H96_lr0.001
DLinear,Weather,336,96,0.0005,0.005141833993020765,0.0027136069992439696,,checkpoints/DLinear_Weather_L336_H96_lr0.0005
DLinear,Weather,336,192,0.005,0.011808320619880628,0.006131454171079398,,checkpoints/DLinear_Weather_L336_H192_lr0.005
DLinear,Weather,336,192,0.001,0.007159423679178583,0.003570849615773825,,checkpoints/DLinear_Weather_L336_H192_lr0.001
DLinear,Weather,336,192,0.0005,0.00684997038960424,0.003377709112775016,,checkpoints/DLinear_Weather_L336_H192_lr0.0005
DLinear,Weather,336,336,0.005,0.014156355669899121,0.006341649000743946,,checkpoints/DLinear_Weather_L336_H336_lr0.005
DLinear,Weather,336,336,0.001,0.006854076061091451,0.0032074152134419914,,checkpoints/DLinear_Weather_L336_H336_lr0.001
DLinear,Weather,336,336,0.0005,0.006865444762448939,0.00321509383678139,,checkpoints/DLinear_Weather_L336_H336_lr0.0005
DLinear,Weather,336,720,0.005,0.012161853127186715,0.006579107248983245,,checkpoints/DLinear_Weather_L336_H720_lr0.005
DLinear,Weather,336,720,0.001,0.007553380219623003,0.0032381218572898342,,checkpoints/DLinear_Weather_L336_H720_lr0.001
DLinear,Weather,336,720,0.0005,0.0073140823730596,0.003171947016137689,,checkpoints/DLinear_Weather_L336_H720_lr0.0005
DLinear,Weather,720,96,0.005,0.027330853450785793,0.013527270062530922,,checkpoints/DLinear_Weather_L720_H96_lr0.005
DLinear,Weather,720,96,0.001,0.006351661956696157,0.0033745591727047607,,checkpoints/DLinear_Weather_L720_H96_lr0.001
DLinear,Weather,720,96,0.0005,0.005796967979333341,0.0030197755699634516,,checkpoints/DLinear_Weather_L720_H96_lr0.0005
DLinear,Weather,720,192,0.005,0.014180577210024374,0.00915146294066461,,checkpoints/DLinear_Weather_L720_H192_lr0.005
DLinear,Weather,720,192,0.001,0.006617772264802326,0.003310024482690104,,checkpoints/DLinear_Weather_L720_H192_lr0.001
DLinear,Weather,720,192,0.0005,0.006266273608062265,0.0032449347433366887,,checkpoints/DLinear_Weather_L720_H192_lr0.0005
DLinear,Weather,720,336,0.005,0.02153362180838359,0.010877399542439698,,checkpoints/DLinear_Weather_L720_H336_lr0.005
DLinear,Weather,720,336,0.001,0.00763536576412943,0.0036428900290866764,,checkpoints/DLinear_Weather_L720_H336_lr0.001
DLinear,Weather,720,336,0.0005,0.007368564545613673,0.0034679746898062195,,checkpoints/DLinear_Weather_L720_H336_lr0.0005
DLinear,Weather,720,720,0.005,0.022439772284294474,0.01231305072253872,,checkpoints/DLinear_Weather_L720_H720_lr0.005
DLinear,Weather,720,720,0.001,0.008522590202783023,0.00382397297598686,,checkpoints/DLinear_Weather_L720_H720_lr0.001
DLinear,Weather,720,720,0.0005,0.008015088329281925,0.003455718256864974,,checkpoints/DLinear_Weather_L720_H720_lr0.0005
Linear,Exchange-Rate,96,96,0.005,0.10551404915892758,0.15143072329397284,,checkpoints/Linear_Exchange-Rate_L96_H96_lr0.005
Linear,Exchange-Rate,96,96,0.001,0.10583854472385969,0.15474254124345166,,checkpoints/Linear_Exchange-Rate_L96_H96_lr0.001
Linear,Exchange-Rate,96,96,0.0005,0.09193778483346961,0.1635042445543057,,checkpoints/Linear_Exchange-Rate_L96_H96_lr0.0005
Linear,Exchange-Rate,96,192,0.005,0.22462794542281184,0.20119417764820796,,checkpoints/Linear_Exchange-Rate_L96_H192_lr0.005
Linear,Exchange-Rate,96,192,0.001,0.19251939607194707,0.2517070649889983,,checkpoints/Linear_Exchange-Rate_L96_H192_lr0.001
Linear,Exchange-Rate,96,192,0.0005,0.1935903000554958,0.2977284547472579,,checkpoints/Linear_Exchange-Rate_L96_H192_lr0.0005
Linear,Exchange-Rate,96,336,0.005,0.36159712817538436,0.33584576809911026,,checkpoints/Linear_Exchange-Rate_L96_H336_lr0.005
Linear,Exchange-Rate,96,336,0.001,0.2528332124895124,0.5528901024149779,,checkpoints/Linear_Exchange-Rate_L96_H336_lr0.001
Linear,Exchange-Rate,96,336,0.0005,0.2545885308761502,0.6049161769013625,,checkpoints/Linear_Exchange-Rate_L96_H336_lr0.0005
Linear,Exchange-Rate,96,720,0.005,0.3206835428873698,1.4314300573668788,,checkpoints/Linear_Exchange-Rate_L96_H720_lr0.005
Linear,Exchange-Rate,96,720,0.001,0.3156311060701098,1.474749839248976,,checkpoints/Linear_Exchange-Rate_L96_H720_lr0.001
Linear,Exchange-Rate,96,720,0.0005,0.3213652116911752,1.5064444411056992,,checkpoints/Linear_Exchange-Rate_L96_H720_lr0.0005
Linear,Exchange-Rate,192,96,0.005,0.10101503237967747,0.17691907355220754,,checkpoints/Linear_Exchange-Rate_L192_H96_lr0.005
Linear,Exchange-Rate,192,96,0.001,0.09797524244049957,0.16000754271177636,,checkpoints/Linear_Exchange-Rate_L192_H96_lr0.001
Linear,Exchange-Rate,192,96,0.0005,0.09640428873485532,0.16647463272596252,,checkpoints/Linear_Exchange-Rate_L192_H96_lr0.0005
Linear,Exchange-Rate,192,192,0.005,0.3587430821503768,0.2313605508872297,,checkpoints/Linear_Exchange-Rate_L192_H192_lr0.005
Linear,Exchange-Rate,192,192,0.001,0.21410162960678214,0.230252259415835,,checkpoints/Linear_Exchange-Rate_L192_H192_lr0.001
Linear,Exchange-Rate,192,192,0.0005,0.20725101172798294,0.24561978937957707,,checkpoints/Linear_Exchange-Rate_L192_H192_lr0.0005
Linear,Exchange-Rate,192,336,0.005,0.6577440863521538,0.2923459226397767,,checkpoints/Linear_Exchange-Rate_L192_H336_lr0.005
Linear,Exchange-Rate,192,336,0.001,0.27456112836130814,0.534460656892318,,checkpoints/Linear_Exchange-Rate_L192_H336_lr0.001
Linear,Exchange-Rate,192,336,0.0005,0.26856201190260515,0.5537930891047677,,checkpoints/Linear_Exchange-Rate_L192_H336_lr0.0005
Linear,Exchange-Rate,192,720,0.005,0.37201250791549684,1.6061375050100906,,checkpoints/Linear_Exchange-Rate_L192_H720_lr0.005
Linear,Exchange-Rate,192,720,0.001,0.36785554318200975,1.6031555485042581,,checkpoints/Linear_Exchange-Rate_L192_H720_lr0.001
Linear,Exchange-Rate,192,720,0.0005,0.3985999720437186,1.7858629441488898,,checkpoints/Linear_Exchange-Rate_L192_H720_lr0.0005
Linear,Exchange-Rate,336,96,0.005,0.1371006646632463,0.19015881037723525,,checkpoints/Linear_Exchange-Rate_L336_H96_lr0.005
Linear,Exchange-Rate,336,96,0.001,0.11223587605003196,0.1702175219387016,,checkpoints/Linear_Exchange-Rate_L336_H96_lr0.001
Linear,Exchange-Rate,336,96,0.0005,0.11109684643217888,0.17312344551543604,,checkpoints/Linear_Exchange-Rate_L336_H96_lr0.0005
Linear,Exchange-Rate,336,192,0.005,0.28306027850772764,0.27508284581122955,,checkpoints/Linear_Exchange-Rate_L336_H192_lr0.005
Linear,Exchange-Rate,336,192,0.001,0.26647436408176706,0.23616475275980256,,checkpoints/Linear_Exchange-Rate_L336_H192_lr0.001
Linear,Exchange-Rate,336,192,0.0005,0.23674515933427126,0.24734209460592824,,checkpoints/Linear_Exchange-Rate_L336_H192_lr0.0005
Linear,Exchange-Rate,336,336,0.005,0.7935909697813774,0.29916473623750217,,checkpoints/Linear_Exchange-Rate_L336_H336_lr0.005
Linear,Exchange-Rate,336,336,0.001,0.32060264028720004,0.6682846722463297,,checkpoints/Linear_Exchange-Rate_L336_H336_lr0.001
Linear,Exchange-Rate,336,336,0.0005,0.33944135251922986,0.7695998219891473,,checkpoints/Linear_Exchange-Rate_L336_H336_lr0.0005
Linear,Exchange-Rate,336,720,0.005,0.8207866799263727,0.7510007460532724,,checkpoints/Linear_Exchange-Rate_L336_H720_lr0.005
Linear,Exchange-Rate,336,720,0.001,0.31745591106868926,1.655437161074618,,checkpoints/Linear_Exchange-Rate_L336_H720_lr0.001
Linear,Exchange-Rate,336,720,0.0005,0.3325079605692909,1.5077926000148982,,checkpoints/Linear_Exchange-Rate_L336_H720_lr0.0005
Linear,Exchange-Rate,720,96,0.005,0.17314097191067948,0.2574027296252127,,checkpoints/Linear_Exchange-Rate_L720_H96_lr0.005
Linear,Exchange-Rate,720,96,0.001,0.1662579044214382,0.2508669069263645,,checkpoints/Linear_Exchange-Rate_L720_H96_lr0.001
Linear,Exchange-Rate,720,96,0.0005,0.12700703344753875,0.24321984327536644,,checkpoints/Linear_Exchange-Rate_L720_H96_lr0.0005
Linear,Exchange-Rate,720,192,0.005,0.3252604075624973,0.49965599028210705,,checkpoints/Linear_Exchange-Rate_L720_H192_lr0.005
Linear,Exchange-Rate,720,192,0.001,0.2625013958301222,0.46406332229548297,,checkpoints/Linear_Exchange-Rate_L720_H192_lr0.001
Linear,Exchange-Rate,720,192,0.0005,0.2872470821006389,0.4567407085594683,,checkpoints/Linear_Exchange-Rate_L720_H192_lr0.0005
Linear,Exchange-Rate,720,336,0.005,0.7442216932477049,0.556787836559089,,checkpoints/Linear_Exchange-Rate_L720_H336_lr0.005
Linear,Exchange-Rate,720,336,0.001,0.32281258924683526,0.8710286245213944,,checkpoints/Linear_Exchange-Rate_L720_H336_lr0.001
Linear,Exchange-Rate,720,336,0.0005,0.3520163712809928,0.8239829879657714,,checkpoints/Linear_Exchange-Rate_L720_H336_lr0.0005
Linear,Exchange-Rate,720,720,0.005,1.6305792195456368,2.145388968235553,,checkpoints/Linear_Exchange-Rate_L720_H720_lr0.005
Linear,Exchange-Rate,720,720,0.001,1.1851860500517346,2.790720249417289,,checkpoints/Linear_Exchange-Rate_L720_H720_lr0.001
Linear,Exchange-Rate,720,720,0.0005,0.8547249862125942,2.716043022196731,,checkpoints/Linear_Exchange-Rate_L720_H720_lr0.0005
NLinear,Exchange-Rate,96,96,0.005,0.10071536376215946,0.11631285493491594,,checkpoints/NLinear_Exchange-Rate_L96_H96_lr0.005
NLinear,Exchange-Rate,96,96,0.001,0.09315578078572777,0.1338841527886153,,checkpoints/NLinear_Exchange-Rate_L96_H96_lr0.001
NLinear,Exchange-Rate,96,96,0.0005,0.09258028215432533,0.13529891606459568,,checkpoints/NLinear_Exchange-Rate_L96_H96_lr0.0005
NLinear,Exchange-Rate,96,192,0.005,0.24299498870654448,0.15926355518471477,,checkpoints/NLinear_Exchange-Rate_L96_H192_lr0.005
NLinear,Exchange-Rate,96,192,0.001,0.22515540112611615,0.17676363605317497,,checkpoints/NLinear_Exchange-Rate_L96_H192_lr0.001
NLinear,Exchange-Rate,96,192,0.0005,0.22554550164296658,0.18326690503511156,,checkpoints/NLinear_Exchange-Rate_L96_H192_lr0.0005
NLinear,Exchange-Rate,96,336,0.005,0.525190374003121,0.21357561626551605,,checkpoints/NLinear_Exchange-Rate_L96_H336_lr0.005
NLinear,Exchange-Rate,96,336,0.001,0.5229585218192333,0.22227507193165727,,checkpoints/NLinear_Exchange-Rate_L96_H336_lr0.001
NLinear,Exchange-Rate,96,336,0.0005,0.5258688309892493,0.23214273158446938,,checkpoints/NLinear_Exchange-Rate_L96_H336_lr0.0005
NLinear,Exchange-Rate,96,720,0.005,1.836964262099493,0.338343299089582,,checkpoints/NLinear_Exchange-Rate_L96_H720_lr0.005
NLinear,Exchange-Rate,96,720,0.001,1.8380917310714722,0.3412292814482368,,checkpoints/NLinear_Exchange-Rate_L96_H720_lr0.001
NLinear,Exchange-Rate,96,720,0.0005,1.829419139453343,0.34435039445722304,,checkpoints/NLinear_Exchange-Rate_L96_H720_lr0.0005
NLinear,Exchange-Rate,192,96,0.005,0.11809520265694094,0.1251010525460897,,checkpoints/NLinear_Exchange-Rate_L192_H96_lr0.005
NLinear,Exchange-Rate,192,96,0.001,0.10156607325278023,0.1555291999877928,,checkpoints/NLinear_Exchange-Rate_L192_H96_lr0.001
NLinear,Exchange-Rate,192,96,0.0005,0.10334938783127229,0.15614380795340752,,checkpoints/NLinear_Exchange-Rate_L192_H96_lr0.0005
NLinear,Exchange-Rate,192,192,0.005,0.2864278158495195,0.16549159274874167,,checkpoints/NLinear_Exchange-Rate_L192_H192_lr0.005
NLinear,Exchange-Rate,192,192,0.001,0.2659367588879187,0.18763843609891445,,checkpoints/NLinear_Exchange-Rate_L192_H192_lr0.001
NLinear,Exchange-Rate,192,192,0.0005,0.24971669602683325,0.21159749316816723,,checkpoints/NLinear_Exchange-Rate_L192_H192_lr0.0005
NLinear,Exchange-Rate,192,336,0.005,0.6937083746515104,0.2286513006943249,,checkpoints/NLinear_Exchange-Rate_L192_H336_lr0.005
NLinear,Exchange-Rate,192,336,0.001,0.5704429354240645,0.2515741234847053,,checkpoints/NLinear_Exchange-Rate_L192_H336_lr0.001
NLinear,Exchange-Rate,192,336,0.0005,0.5721266729321646,0.2579726934349478,,checkpoints/NLinear_Exchange-Rate_L192_H336_lr0.0005
NLinear,Exchange-Rate,192,720,0.005,1.8597980328968593,0.3526616334772907,,checkpoints/NLinear_Exchange-Rate_L192_H720_lr0.005
NLinear,Exchange-Rate,192,720,0.001,1.839006341071356,0.35010158034099315,,checkpoints/NLinear_Exchange-Rate_L192_H720_lr0.001
NLinear,Exchange-Rate,192,720,0.0005,1.8291601510274977,0.3546246237572736,,checkpoints/NLinear_Exchange-Rate_L192_H720_lr0.0005
NLinear,Exchange-Rate,336,96,0.005,0.13957593707060906,0.13558692261505217,,checkpoints/NLinear_Exchange-Rate_L336_H96_lr0.005
NLinear,Exchange-Rate,336,96,0.001,0.13299421584982982,0.14081394959559035,,checkpoints/NLinear_Exchange-Rate_L336_H96_lr0.001
NLinear,Exchange-Rate,336,96,0.0005,0.11361762116238532,0.14582738977493512,,checkpoints/NLinear_Exchange-Rate_L336_H96_lr0.0005
NLinear,Exchange-Rate,336,192,0.005,0.275303236039882,0.1855506899490276,,checkpoints/NLinear_Exchange-Rate_L336_H192_lr0.005
NLinear,Exchange-Rate,336,192,0.001,0.30579605811758886,0.20283301852824442,,checkpoints/NLinear_Exchange-Rate_L336_H192_lr0.001
NLinear,Exchange-Rate,336,192,0.0005,0.2715980169139331,0.21016558619273124,,checkpoints/NLinear_Exchange-Rate_L336_H192_lr0.0005
NLinear,Exchange-Rate,336,336,0.005,0.5371274796884451,0.21298397276759296,,checkpoints/NLinear_Exchange-Rate_L336_H336_lr0.005
NLinear,Exchange-Rate,336,336,0.001,0.5575326970264093,0.2565639141394964,,checkpoints/NLinear_Exchange-Rate_L336_H336_lr0.001
NLinear,Exchange-Rate,336,336,0.0005,0.551654861711744,0.256987261273904,,checkpoints/NLinear_Exchange-Rate_L336_H336_lr0.0005
NLinear,Exchange-Rate,336,720,0.005,1.8855931253660292,0.3418677279943498,,checkpoints/NLinear_Exchange-Rate_L336_H720_lr0.005
NLinear,Exchange-Rate,336,720,0.001,1.8885638855752491,0.33894316421772813,,checkpoints/NLinear_Exchange-Rate_L336_H720_lr0.001
NLinear,Exchange-Rate,336,720,0.0005,1.870542483670371,0.3450128446046379,,checkpoints/NLinear_Exchange-Rate_L336_H720_lr0.0005
NLinear,Exchange-Rate,720,96,0.005,0.18615511436572021,0.1915282183616982,,checkpoints/NLinear_Exchange-Rate_L720_H96_lr0.005
NLinear,Exchange-Rate,720,96,0.001,0.14540201770962427,0.16785371537862323,,checkpoints/NLinear_Exchange-Rate_L720_H96_lr0.001
NLinear,Exchange-Rate,720,96,0.0005,0.1333178640182676,0.18309776726413665,,checkpoints/NLinear_Exchange-Rate_L720_H96_lr0.0005
NLinear,Exchange-Rate,720,192,0.005,0.31285660585019154,0.2950689347171733,,checkpoints/NLinear_Exchange-Rate_L720_H192_lr0.005
NLinear,Exchange-Rate,720,192,0.001,0.34163894714936927,0.2986411179761071,,checkpoints/NLinear_Exchange-Rate_L720_H192_lr0.001
NLinear,Exchange-Rate,720,192,0.0005,0.3069219965534874,0.2927833269364982,,checkpoints/NLinear_Exchange-Rate_L720_H192_lr0.0005
NLinear,Exchange-Rate,720,336,0.005,0.7720999086081092,0.36307497784625253,,checkpoints/NLinear_Exchange-Rate_L720_H336_lr0.005
NLinear,Exchange-Rate,720,336,0.001,0.583026827864386,0.3537512706084685,,checkpoints/NLinear_Exchange-Rate_L720_H336_lr0.001
NLinear,Exchange-Rate,720,336,0.0005,0.5533711364613244,0.36762300334119263,,checkpoints/NLinear_Exchange-Rate_L720_H336_lr0.0005
NLinear,Exchange-Rate,720,720,0.005,1.67365524882362,1.125207011839086,,checkpoints/NLinear_Exchange-Rate_L720_H720_lr0.005
NLinear,Exchange-Rate,720,720,0.001,1.6729383241562616,0.7671864273155504,,checkpoints/NLinear_Exchange-Rate_L720_H720_lr0.001
NLinear,Exchange-Rate,720,720,0.0005,1.6262141437757582,0.7433023125573388,,checkpoints/NLinear_Exchange-Rate_L720_H720_lr0.0005
DLinear,Exchange-Rate,96,96,0.005,0.09159656065976483,0.14787455115999495,,checkpoints/DLinear_Exchange-Rate_L96_H96_lr0.005
DLinear,Exchange-Rate,96,96,0.001,0.0916897026086904,0.15307351361070817,,checkpoints/DLinear_Exchange-Rate_L96_H96_lr0.001
DLinear,Exchange-Rate,96,96,0.0005,0.09055050466766303,0.15453366888106612,,checkpoints/DLinear_Exchange-Rate_L96_H96_lr0.0005
DLinear,Exchange-Rate,96,192,0.005,0.2057162712520688,0.20287646515316546,,checkpoints/DLinear_Exchange-Rate_L96_H192_lr0.005
DLinear,Exchange-Rate,96,192,0.001,0.18198990826553937,0.21871023202647377,,checkpoints/DLinear_Exchange-Rate_L96_H192_lr0.001
DLinear,Exchange-Rate,96,192,0.0005,0.17782640075193176,0.2236052227089498,,checkpoints/DLinear_Exchange-Rate_L96_H192_lr0.0005
DLinear,Exchange-Rate,96,336,0.005,0.4347101497412914,0.27961326165038947,,checkpoints/DLinear_Exchange-Rate_L96_H336_lr0.005
DLinear,Exchange-Rate,96,336,0.001,0.2568353543530649,0.4656646593124751,,checkpoints/DLinear_Exchange-Rate_L96_H336_lr0.001
DLinear,Exchange-Rate,96,336,0.0005,0.24180853292716675,0.5294836702783259,,checkpoints/DLinear_Exchange-Rate_L96_H336_lr0.0005
DLinear,Exchange-Rate,96,720,0.005,0.3311319717339107,1.2504290195808774,,checkpoints/DLinear_Exchange-Rate_L96_H720_lr0.005
DLinear,Exchange-Rate,96,720,0.001,0.29110724528630577,1.2955442641401633,,checkpoints/DLinear_Exchange-Rate_L96_H720_lr0.001
DLinear,Exchange-Rate,96,720,0.0005,0.27492125772294546,1.3616635277333862,,checkpoints/DLinear_Exchange-Rate_L96_H720_lr0.0005
DLinear,Exchange-Rate,192,96,0.005,0.12030129445809515,0.1676079531201123,,checkpoints/DLinear_Exchange-Rate_L192_H96_lr0.005
DLinear,Exchange-Rate,192,96,0.001,0.09213805816696521,0.15611332336356748,,checkpoints/DLinear_Exchange-Rate_L192_H96_lr0.001
DLinear,Exchange-Rate,192,96,0.0005,0.0901830962420195,0.15876132747013755,,checkpoints/DLinear_Exchange-Rate_L192_H96_lr0.0005
DLinear,Exchange-Rate,192,192,0.005,0.2520391885584165,0.2416752671868144,,checkpoints/DLinear_Exchange-Rate_L192_H192_lr0.005
DLinear,Exchange-Rate,192,192,0.001,0.20637756928738663,0.21660714107934373,,checkpoints/DLinear_Exchange-Rate_L192_H192_lr0.001
DLinear,Exchange-Rate,192,192,0.0005,0.19478844804099843,0.24712690226379644,,checkpoints/DLinear_Exchange-Rate_L192_H192_lr0.0005
DLinear,Exchange-Rate,192,336,0.005,0.718937012538388,0.24795118151499354,,checkpoints/DLinear_Exchange-Rate_L192_H336_lr0.005
DLinear,Exchange-Rate,192,336,0.001,0.5054873287381224,0.2945223688374124,,checkpoints/DLinear_Exchange-Rate_L192_H336_lr0.001
DLinear,Exchange-Rate,192,336,0.0005,0.3115841374171907,0.39404281504350164,,checkpoints/DLinear_Exchange-Rate_L192_H336_lr0.0005
DLinear,Exchange-Rate,192,720,0.005,0.45372964711416336,0.9450861001854011,,checkpoints/DLinear_Exchange-Rate_L192_H720_lr0.005
DLinear,Exchange-Rate,192,720,0.001,0.30400725943701606,1.2722790690054473,,checkpoints/DLinear_Exchange-Rate_L192_H720_lr0.001
DLinear,Exchange-Rate,192,720,0.0005,0.31467608440489997,1.5291090156696292,,checkpoints/DLinear_Exchange-Rate_L192_H720_lr0.0005
DLinear,Exchange-Rate,336,96,0.005,0.13032350646353316,0.1716792148145939,,checkpoints/DLinear_Exchange-Rate_L336_H96_lr0.005
DLinear,Exchange-Rate,336,96,0.001,0.1049785118735613,0.1645988371519663,,checkpoints/DLinear_Exchange-Rate_L336_H96_lr0.001
DLinear,Exchange-Rate,336,96,0.0005,0.10266991873125464,0.16801300287703883,,checkpoints/DLinear_Exchange-Rate_L336_H96_lr0.0005
DLinear,Exchange-Rate,336,192,0.005,0.2556951260233479,0.2765377260185975,,checkpoints/DLinear_Exchange-Rate_L336_H192_lr0.005
DLinear,Exchange-Rate,336,192,0.001,0.21851827864405476,0.27589232229097593,,checkpoints/DLinear_Exchange-Rate_L336_H192_lr0.001
DLinear,Exchange-Rate,336,192,0.0005,0.21486152645656328,0.2574099328097471,,checkpoints/DLinear_Exchange-Rate_L336_H192_lr0.0005
DLinear,Exchange-Rate,336,336,0.005,0.5319437512117832,0.3859497711415012,,checkpoints/DLinear_Exchange-Rate_L336_H336_lr0.005
DLinear,Exchange-Rate,336,336,0.001,0.34122115166033085,0.523578647881338,,checkpoints/DLinear_Exchange-Rate_L336_H336_lr0.001
DLinear,Exchange-Rate,336,336,0.0005,0.2946467636829585,0.5440779004714558,,checkpoints/DLinear_Exchange-Rate_L336_H336_lr0.0005
DLinear,Exchange-Rate,336,720,0.005,0.6533600199790228,1.2343523906352696,,checkpoints/DLinear_Exchange-Rate_L336_H720_lr0.005
DLinear,Exchange-Rate,336,720,0.001,0.30502455461592903,1.3464814307866062,,checkpoints/DLinear_Exchange-Rate_L336_H720_lr0.001
DLinear,Exchange-Rate,336,720,0.0005,0.39269954136439733,1.8319768443312452,,checkpoints/DLinear_Exchange-Rate_L336_H720_lr0.0005
DLinear,Exchange-Rate,720,96,0.005,0.1851787949087976,0.2506642955518752,,checkpoints/DLinear_Exchange-Rate_L720_H96_lr0.005
DLinear,Exchange-Rate,720,96,0.001,0.16704003798322203,0.2274100709767264,,checkpoints/DLinear_Exchange-Rate_L720_H96_lr0.001
DLinear,Exchange-Rate,720,96,0.0005,0.12467597534173522,0.21943047726285766,,checkpoints/DLinear_Exchange-Rate_L720_H96_lr0.0005
DLinear,Exchange-Rate,720,192,0.005,0.4994575443838719,0.5215559793122845,,checkpoints/DLinear_Exchange-Rate_L720_H192_lr0.005
DLinear,Exchange-Rate,720,192,0.001,0.27884398520244325,0.48478923243919925,,checkpoints/DLinear_Exchange-Rate_L720_H192_lr0.001
DLinear,Exchange-Rate,720,192,0.0005,0.2949466247598833,0.4589601781419867,,checkpoints/DLinear_Exchange-Rate_L720_H192_lr0.0005
DLinear,Exchange-Rate,720,336,0.005,0.598842044967917,0.7148639656612614,,checkpoints/DLinear_Exchange-Rate_L720_H336_lr0.005
DLinear,Exchange-Rate,720,336,0.001,0.31768704913741913,0.7196295276042979,,checkpoints/DLinear_Exchange-Rate_L720_H336_lr0.001
DLinear,Exchange-Rate,720,336,0.0005,0.2850541961726858,1.0124661566905333,,checkpoints/DLinear_Exchange-Rate_L720_H336_lr0.0005
DLinear,Exchange-Rate,720,720,0.005,1.0031012770675478,1.6620283375776468,,checkpoints/DLinear_Exchange-Rate_L720_H720_lr0.005
DLinear,Exchange-Rate,720,720,0.001,0.6964812165214902,2.4902369045699126,,checkpoints/DLinear_Exchange-Rate_L720_H720_lr0.001
DLinear,Exchange-Rate,720,720,0.0005,0.854169868287586,2.741946308880262,,checkpoints/DLinear_Exchange-Rate_L720_H720_lr0.0005
Linear,Electricity,96,96,0.005,0.3413124661752386,0.36905802920619346,,checkpoints/Linear_Electricity_L96_H96_lr0.005
Linear,Electricity,96,96,0.001,0.3298978211623729,0.3601176104772187,,checkpoints/Linear_Electricity_L96_H96_lr0.001
Linear,Electricity,96,96,0.0005,0.33093341629757755,0.36069051205910696,,checkpoints/Linear_Electricity_L96_H96_lr0.0005
Linear,Electricity,96,192,0.005,0.31699225923589636,0.3691861583929405,,checkpoints/Linear_Electricity_L96_H192_lr0.005
Linear,Electricity,96,192,0.001,0.29796907896208225,0.3626465961872817,,checkpoints/Linear_Electricity_L96_H192_lr0.001
Linear,Electricity,96,192,0.0005,0.29805215380877537,0.3632925595805426,,checkpoints/Linear_Electricity_L96_H192_lr0.0005
Linear,Electricity,96,336,0.005,0.33314942014131543,0.40191340458851976,,checkpoints/Linear_Electricity_L96_H336_lr0.005
Linear,Electricity,96,336,0.001,0.3150138235309222,0.3934285243902468,,checkpoints/Linear_Electricity_L96_H336_lr0.001
Linear,Electricity,96,336,0.0005,0.3138339030250754,0.39236075691290756,,checkpoints/Linear_Electricity_L96_H336_lr0.0005
Linear,Electricity,96,720,0.005,0.378720875825995,0.43692416372888776,,checkpoints/Linear_Electricity_L96_H720_lr0.005
Linear,Electricity,96,720,0.001,0.35888592572377714,0.42288798030995717,,checkpoints/Linear_Electricity_L96_H720_lr0.001
Linear,Electricity,96,720,0.0005,0.3604752896050569,0.42523599513219096,,checkpoints/Linear_Electricity_L96_H720_lr0.0005
Linear,Electricity,192,96,0.005,0.20549035591603687,0.2552826942576584,,checkpoints/Linear_Electricity_L192_H96_lr0.005
Linear,Electricity,192,96,0.001,0.19077859173128123,0.24326809137185126,,checkpoints/Linear_Electricity_L192_H96_lr0.001
Linear,Electricity,192,96,0.0005,0.18851133960465338,0.24187557304085028,,checkpoints/Linear_Electricity_L192_H96_lr0.0005
Linear,Electricity,192,192,0.005,0.22155589918877566,0.2983755586071116,,checkpoints/Linear_Electricity_L192_H192_lr0.005
Linear,Electricity,192,192,0.001,0.20857754719955784,0.282029501214802,,checkpoints/Linear_Electricity_L192_H192_lr0.001
Linear,Electricity,192,192,0.0005,0.204426560075718,0.278686960730032,,checkpoints/Linear_Electricity_L192_H192_lr0.0005
Linear,Electricity,192,336,0.005,0.25980283303443696,0.33800302400908555,,checkpoints/Linear_Electricity_L192_H336_lr0.005
Linear,Electricity,192,336,0.001,0.2365462213870199,0.31853569422161704,,checkpoints/Linear_Electricity_L192_H336_lr0.001
Linear,Electricity,192,336,0.0005,0.22941572232957494,0.32036397119401666,,checkpoints/Linear_Electricity_L192_H336_lr0.0005
Linear,Electricity,192,720,0.005,0.29643389491204475,0.360788926569936,,checkpoints/Linear_Electricity_L192_H720_lr0.005
Linear,Electricity,192,720,0.001,0.27047230100341724,0.3466973304194417,,checkpoints/Linear_Electricity_L192_H720_lr0.001
Linear,Electricity,192,720,0.0005,0.2676679342615741,0.34202528916019975,,checkpoints/Linear_Electricity_L192_H720_lr0.0005
Linear,Electricity,336,96,0.005,0.2170644615322421,0.24924604212408158,,checkpoints/Linear_Electricity_L336_H96_lr0.005
Linear,Electricity,336,96,0.001,0.17926819903823935,0.22078738573835102,,checkpoints/Linear_Electricity_L336_H96_lr0.001
Linear,Electricity,336,96,0.0005,0.17243353851861193,0.21310621118489811,,checkpoints/Linear_Electricity_L336_H96_lr0.0005
Linear,Electricity,336,192,0.005,0.23766547419259773,0.29560053987049073,,checkpoints/Linear_Electricity_L336_H192_lr0.005
Linear,Electricity,336,192,0.001,0.19799484379996313,0.26317023081722335,,checkpoints/Linear_Electricity_L336_H192_lr0.001
Linear,Electricity,336,192,0.0005,0.19264576630332023,0.258324519772028,,checkpoints/Linear_Electricity_L336_H192_lr0.0005
Linear,Electricity,336,336,0.005,0.26671672436016414,0.3393458233946613,,checkpoints/Linear_Electricity_L336_H336_lr0.005
Linear,Electricity,336,336,0.001,0.22036932916794416,0.3006741760081447,,checkpoints/Linear_Electricity_L336_H336_lr0.001
Linear,Electricity,336,336,0.0005,0.21812844811648552,0.29861733161389614,,checkpoints/Linear_Electricity_L336_H336_lr0.0005
Linear,Electricity,336,720,0.005,0.31609063806098275,0.35788953470526225,,checkpoints/Linear_Electricity_L336_H720_lr0.005
Linear,Electricity,336,720,0.001,0.268988625448039,0.3287181034661093,,checkpoints/Linear_Electricity_L336_H720_lr0.001
Linear,Electricity,336,720,0.0005,0.25771134553594344,0.3254426626882798,,checkpoints/Linear_Electricity_L336_H720_lr0.0005
Linear,Electricity,720,96,0.005,0.2294710546507522,0.26918281750597295,,checkpoints/Linear_Electricity_L720_H96_lr0.005
Linear,Electricity,720,96,0.001,0.18697327326270272,0.2202206157656714,,checkpoints/Linear_Electricity_L720_H96_lr0.001
Linear,Electricity,720,96,0.0005,0.1662221620436366,0.20819098440680187,,checkpoints/Linear_Electricity_L720_H96_lr0.0005
Linear,Electricity,720,192,0.005,0.2706877319854046,0.3293021848412868,,checkpoints/Linear_Electricity_L720_H192_lr0.005
Linear,Electricity,720,192,0.001,0.2041012243527706,0.2635696178666761,,checkpoints/Linear_Electricity_L720_H192_lr0.001
Linear,Electricity,720,192,0.0005,0.1927216783463558,0.251990788401205,,checkpoints/Linear_Electricity_L720_H192_lr0.0005
Linear,Electricity,720,336,0.005,0.32708467215472925,0.3775563746055253,,checkpoints/Linear_Electricity_L720_H336_lr0.005
Linear,Electricity,720,336,0.001,0.21960923736138674,0.29578218598984446,,checkpoints/Linear_Electricity_L720_H336_lr0.001
Linear,Electricity,720,336,0.0005,0.2098581393490997,0.2948302202972802,,checkpoints/Linear_Electricity_L720_H336_lr0.0005
Linear,Electricity,720,720,0.005,0.3780489120324182,0.4101552332116237,,checkpoints/Linear_Electricity_L720_H720_lr0.005
Linear,Electricity,720,720,0.001,0.2767043635687815,0.3422208782833798,,checkpoints/Linear_Electricity_L720_H720_lr0.001
Linear,Electricity,720,720,0.0005,0.25878938862163287,0.3267331735560279,,checkpoints/Linear_Electricity_L720_H720_lr0.0005
NLinear,Electricity,96,96,0.005,0.35730805020306333,0.3939464182799217,,checkpoints/NLinear_Electricity_L96_H96_lr0.005
NLinear,Electricity,96,96,0.001,0.34697134259597756,0.3824536734217329,,checkpoints/NLinear_Electricity_L96_H96_lr0.001
NLinear,Electricity,96,96,0.0005,0.34530873851663446,0.38185834291847426,,checkpoints/NLinear_Electricity_L96_H96_lr0.0005
NLinear,Electricity,96,192,0.005,0.32733361430158625,0.4100877104999222,,checkpoints/NLinear_Electricity_L96_H192_lr0.005
NLinear,Electricity,96,192,0.001,0.31302621074506987,0.39152524400646294,,checkpoints/NLinear_Electricity_L96_H192_lr0.001
NLinear,Electricity,96,192,0.0005,0.30966197583234106,0.38881778148773033,,checkpoints/NLinear_Electricity_L96_H192_lr0.0005
NLinear,Electricity,96,336,0.005,0.35092737335052493,0.4466556113484625,,checkpoints/NLinear_Electricity_L96_H336_lr0.005
NLinear,Electricity,96,336,0.001,0.33265652192683803,0.43339573195587394,,checkpoints/NLinear_Electricity_L96_H336_lr0.001
NLinear,Electricity,96,336,0.0005,0.3319224718265902,0.4311527717446924,,checkpoints/NLinear_Electricity_L96_H336_lr0.0005
NLinear,Electricity,96,720,0.005,0.4112274453233261,0.49878481371246847,,checkpoints/NLinear_Electricity_L96_H720_lr0.005
NLinear,Electricity,96,720,0.001,0.3960624086180818,0.4799429601214787,,checkpoints/NLinear_Electricity_L96_H720_lr0.001
NLinear,Electricity,96,720,0.0005,0.39405489177306,0.4796583601517466,,checkpoints/NLinear_Electricity_L96_H720_lr0.0005
NLinear,Electricity,192,96,0.005,0.20624651308300834,0.26956628151944134,,checkpoints/NLinear_Electricity_L192_H96_lr0.005
NLinear,Electricity,192,96,0.001,0.1935295349698474,0.2537329775525266,,checkpoints/NLinear_Electricity_L192_H96_lr0.001
NLinear,Electricity,192,96,0.0005,0.19132269629292042,0.2530224260626691,,checkpoints/NLinear_Electricity_L192_H96_lr0.0005
NLinear,Electricity,192,192,0.005,0.22550934692038677,0.31547072707971785,,checkpoints/NLinear_Electricity_L192_H192_lr0.005
NLinear,Electricity,192,192,0.001,0.20795058048120668,0.2982682179872904,,checkpoints/NLinear_Electricity_L192_H192_lr0.001
NLinear,Electricity,192,192,0.0005,0.20738873507544775,0.29432702516906273,,checkpoints/NLinear_Electricity_L192_H192_lr0.0005
NLinear,Electricity,192,336,0.005,0.2696565504146395,0.3657022660969037,,checkpoints/NLinear_Electricity_L192_H336_lr0.005
NLinear,Electricity,192,336,0.001,0.24016955666547335,0.347395157680324,,checkpoints/NLinear_Electricity_L192_H336_lr0.001
NLinear,Electricity,192,336,0.0005,0.2359420729806733,0.3445907977686401,,checkpoints/NLinear_Electricity_L192_H336_lr0.0005
NLinear,Electricity,192,720,0.005,0.3120290829549273,0.4016511092752652,,checkpoints/NLinear_Electricity_L192_H720_lr0.005
NLinear,Electricity,192,720,0.001,0.29341416553627936,0.38256642172533845,,checkpoints/NLinear_Electricity_L192_H720_lr0.001
NLinear,Electricity,192,720,0.0005,0.28782429325624925,0.3794063764125303,,checkpoints/NLinear_Electricity_L192_H720_lr0.0005
NLinear,Electricity,336,96,0.005,0.19695187142006115,0.2396857762640094,,checkpoints/NLinear_Electricity_L336_H96_lr0.005
NLinear,Electricity,336,96,0.001,0.17589284747575853,0.22376951365943265,,checkpoints/NLinear_Electricity_L336_H96_lr0.001
NLinear,Electricity,336,96,0.0005,0.17347874167761967,0.22044005286179713,,checkpoints/NLinear_Electricity_L336_H96_lr0.0005
NLinear,Electricity,336,192,0.005,0.23946756133226835,0.3097613433308989,,checkpoints/NLinear_Electricity_L336_H192_lr0.005
NLinear,Electricity,336,192,0.001,0.19622767841054026,0.2735759410893076,,checkpoints/NLinear_Electricity_L336_H192_lr0.001
NLinear,Electricity,336,192,0.0005,0.19189483930918572,0.2669481709579653,,checkpoints/NLinear_Electricity_L336_H192_lr0.0005
NLinear,Electricity,336,336,0.005,0.2620464691356324,0.35369112781460216,,checkpoints/NLinear_Electricity_L336_H336_lr0.005
NLinear,Electricity,336,336,0.001,0.2224014644430833,0.31923819043008417,,checkpoints/NLinear_Electricity_L336_H336_lr0.001
NLinear,Electricity,336,336,0.0005,0.21737865314023774,0.3152840113960056,,checkpoints/NLinear_Electricity_L336_H336_lr0.0005
NLinear,Electricity,336,720,0.005,0.31498044348507426,0.3830001291879235,,checkpoints/NLinear_Electricity_L336_H720_lr0.005
NLinear,Electricity,336,720,0.001,0.2862061997029964,0.3505257453098732,,checkpoints/NLinear_Electricity_L336_H720_lr0.001
NLinear,Electricity,336,720,0.0005,0.2749911262467619,0.34551962337369774,,checkpoints/NLinear_Electricity_L336_H720_lr0.0005
NLinear,Electricity,720,96,0.005,0.231072174842266,0.27824527557268913,,checkpoints/NLinear_Electricity_L720_H96_lr0.005
NLinear,Electricity,720,96,0.001,0.18223315160852133,0.22153992895970434,,checkpoints/NLinear_Electricity_L720_H96_lr0.001
NLinear,Electricity,720,96,0.0005,0.17621002968287536,0.21649503476494042,,checkpoints/NLinear_Electricity_L720_H96_lr0.0005
NLinear,Electricity,720,192,0.005,0.279717466270876,0.32165027009186825,,checkpoints/NLinear_Electricity_L720_H192_lr0.005
NLinear,Electricity,720,192,0.001,0.20181599744309123,0.26035690689372637,,checkpoints/NLinear_Electricity_L720_H192_lr0.001
NLinear,Electricity,720,192,0.0005,0.20070089211317893,0.2610936789236437,,checkpoints/NLinear_Electricity_L720_H192_lr0.0005
NLinear,Electricity,720,336,0.005,0.3108951551321305,0.36653432141905906,,checkpoints/NLinear_Electricity_L720_H336_lr0.005
NLinear,Electricity,720,336,0.001,0.2371785213179913,0.3074309657284244,,checkpoints/NLinear_Electricity_L720_H336_lr0.001
NLinear,Electricity,720,336,0.0005,0.22243603670722525,0.30489062748764795,,checkpoints/NLinear_Electricity_L720_H336_lr0.0005
NLinear,Electricity,720,720,0.005,0.39148112806671354,0.4377683560693822,,checkpoints/NLinear_Electricity_L720_H720_lr0.005
NLinear,Electricity,720,720,0.001,0.2938901369056171,0.3520416274071109,,checkpoints/NLinear_Electricity_L720_H720_lr0.001
NLinear,Electricity,720,720,0.0005,0.2715652645174512,0.34446960271586935,,checkpoints/NLinear_Electricity_L720_H720_lr0.0005
DLinear,Electricity,96,96,0.005,0.34613259856390105,0.3755996913778042,,checkpoints/DLinear_Electricity_L96_H96_lr0.005
DLinear,Electricity,96,96,0.001,0.3351865058648249,0.3600379241825357,,checkpoints/DLinear_Electricity_L96_H96_lr0.001
DLinear,Electricity,96,96,0.0005,0.3307821486281655,0.35994622336521115,,checkpoints/DLinear_Electricity_L96_H96_lr0.0005
DLinear,Electricity,96,192,0.005,0.31523877517996074,0.38211989717064465,,checkpoints/DLinear_Electricity_L96_H192_lr0.005
DLinear,Electricity,96,192,0.001,0.3013954813010524,0.3619585102233049,,checkpoints/DLinear_Electricity_L96_H192_lr0.001
DLinear,Electricity,96,192,0.0005,0.29578109549460174,0.36094696631285544,,checkpoints/DLinear_Electricity_L96_H192_lr0.0005
DLinear,Electricity,96,336,0.005,0.345983498559801,0.4135259868563195,,checkpoints/DLinear_Electricity_L96_H336_lr0.005
DLinear,Electricity,96,336,0.001,0.31816153985927126,0.39539498021417097,,checkpoints/DLinear_Electricity_L96_H336_lr0.001
DLinear,Electricity,96,336,0.0005,0.31530601563042004,0.39404611942742346,,checkpoints/DLinear_Electricity_L96_H336_lr0.0005
DLinear,Electricity,96,720,0.005,0.3847016855280097,0.44624083864825553,,checkpoints/DLinear_Electricity_L96_H720_lr0.005
DLinear,Electricity,96,720,0.001,0.36780949022134907,0.4285233378003986,,checkpoints/DLinear_Electricity_L96_H720_lr0.001
DLinear,Electricity,96,720,0.0005,0.35845903956672154,0.4232856336211065,,checkpoints/DLinear_Electricity_L96_H720_lr0.0005
DLinear,Electricity,192,96,0.005,0.22525479986787741,0.2709695560472162,,checkpoints/DLinear_Electricity_L192_H96_lr0.005
DLinear,Electricity,192,96,0.001,0.19837560691374737,0.2464864134587303,,checkpoints/DLinear_Electricity_L192_H96_lr0.001
DLinear,Electricity,192,96,0.0005,0.19098717019530712,0.24229974390020373,,checkpoints/DLinear_Electricity_L192_H96_lr0.0005
DLinear,Electricity,192,192,0.005,0.2497086538217674,0.3147874387499496,,checkpoints/DLinear_Electricity_L192_H192_lr0.005
DLinear,Electricity,192,192,0.001,0.2119688325255276,0.2810482321860152,,checkpoints/DLinear_Electricity_L192_H192_lr0.001
DLinear,Electricity,192,192,0.0005,0.2052976861615949,0.27894007318743697,,checkpoints/DLinear_Electricity_L192_H192_lr0.0005
DLinear,Electricity,192,336,0.005,0.27488398806139624,0.3504988972878595,,checkpoints/DLinear_Electricity_L192_H336_lr0.005
DLinear,Electricity,192,336,0.001,0.23521257961714112,0.31965411139373073,,checkpoints/DLinear_Electricity_L192_H336_lr0.001
DLinear,Electricity,192,336,0.0005,0.2301005124674382,0.3201721276694868,,checkpoints/DLinear_Electricity_L192_H336_lr0.0005
DLinear,Electricity,192,720,0.005,0.3160620751162413,0.37876084550342437,,checkpoints/DLinear_Electricity_L192_H720_lr0.005
DLinear,Electricity,192,720,0.001,0.2719609723127697,0.3439479897293396,,checkpoints/DLinear_Electricity_L192_H720_lr0.001
DLinear,Electricity,192,720,0.0005,0.2707975309978227,0.3387456934611643,,checkpoints/DLinear_Electricity_L192_H720_lr0.0005
DLinear,Electricity,336,96,0.005,0.23481083111278858,0.26252829467467104,,checkpoints/DLinear_Electricity_L336_H96_lr0.005
DLinear,Electricity,336,96,0.001,0.18779128264820566,0.22435748431627486,,checkpoints/DLinear_Electricity_L336_H96_lr0.001
DLinear,Electricity,336,96,0.0005,0.1767351665618481,0.21568169703857523,,checkpoints/DLinear_Electricity_L336_H96_lr0.0005
DLinear,Electricity,336,192,0.005,0.25998530406926507,0.3126749731332421,,checkpoints/DLinear_Electricity_L336_H192_lr0.005
DLinear,Electricity,336,192,0.001,0.203603528342774,0.26622252338100844,,checkpoints/DLinear_Electricity_L336_H192_lr0.001
DLinear,Electricity,336,192,0.0005,0.193158889205732,0.2597056040830523,,checkpoints/DLinear_Electricity_L336_H192_lr0.0005
DLinear,Electricity,336,336,0.005,0.28659684150973636,0.35980218197460223,,checkpoints/DLinear_Electricity_L336_H336_lr0.005
DLinear,Electricity,336,336,0.001,0.22702727543370144,0.3059243057629832,,checkpoints/DLinear_Electricity_L336_H336_lr0.001
DLinear,Electricity,336,336,0.0005,0.21787327421946195,0.3017964833943476,,checkpoints/DLinear_Electricity_L336_H336_lr0.0005
DLinear,Electricity,336,720,0.005,0.34833523841199027,0.3895226916293075,,checkpoints/DLinear_Electricity_L336_H720_lr0.005
DLinear,Electricity,336,720,0.001,0.2646269120084342,0.336019269741095,,checkpoints/DLinear_Electricity_L336_H720_lr0.001
DLinear,Electricity,336,720,0.0005,0.26592463551843576,0.3334469003115123,,checkpoints/DLinear_Electricity_L336_H720_lr0.0005
DLinear,Electricity,720,96,0.005,0.33060729259470784,0.34994810349877487,,checkpoints/DLinear_Electricity_L720_H96_lr0.005
DLinear,Electricity,720,96,0.001,0.18515130267866678,0.21894938407997377,,checkpoints/DLinear_Electricity_L720_H96_lr0.001
DLinear,Electricity,720,96,0.0005,0.17162905763655753,0.20437460127077423,,checkpoints/DLinear_Electricity_L720_H96_lr0.0005
DLinear,Electricity,720,192,0.005,0.3399903670370023,0.3934230554437193,,checkpoints/DLinear_Electricity_L720_H192_lr0.005
DLinear,Electricity,720,192,0.001,0.2137388870576409,0.26609590188879145,,checkpoints/DLinear_Electricity_L720_H192_lr0.001
DLinear,Electricity,720,192,0.0005,0.19409552687573212,0.25169258235138997,,checkpoints/DLinear_Electricity_L720_H192_lr0.0005
DLinear,Electricity,720,336,0.005,0.3495241212889416,0.41021474760115495,,checkpoints/DLinear_Electricity_L720_H336_lr0.005
DLinear,Electricity,720,336,0.001,0.23310102632966143,0.31410779193047833,,checkpoints/DLinear_Electricity_L720_H336_lr0.001
DLinear,Electricity,720,336,0.0005,0.2116560710579099,0.29977357801440946,,checkpoints/DLinear_Electricity_L720_H336_lr0.0005
DLinear,Electricity,720,720,0.005,0.4520179866719327,0.4720452714250817,,checkpoints/DLinear_Electricity_L720_H720_lr0.005
DLinear,Electricity,720,720,0.001,0.28335770017080425,0.32783362228766216,,checkpoints/DLinear_Electricity_L720_H720_lr0.001
DLinear,Electricity,720,720,0.0005,0.27456734744358036,0.3288868586918057,,checkpoints/DLinear_Electricity_L720_H720_lr0.0005
Linear,VIC,5,5,0.005,0.008436015588787522,0.0034420565352775156,,checkpoints/Linear_VIC_L5_H5_lr0.005
Linear,VIC,5,5,0.001,0.008602217411283742,0.0038889397983439267,,checkpoints/Linear_VIC_L5_H5_lr0.001
Linear,VIC,5,5,0.0005,0.010911717818744494,0.00407332833523729,,checkpoints/Linear_VIC_L5_H5_lr0.0005
Linear,VIC,30,5,0.005,0.010162872094212768,0.0037093615758099726,,checkpoints/Linear_VIC_L30_H5_lr0.005
Linear,VIC,30,5,0.001,0.015781372773947457,0.0074071075883694,,checkpoints/Linear_VIC_L30_H5_lr0.001
Linear,VIC,30,5,0.0005,0.025021901417277927,0.01077029817804162,,checkpoints/Linear_VIC_L30_H5_lr0.0005
Linear,VIC,120,5,0.005,0.011110783069030964,0.00426062209797757,,checkpoints/Linear_VIC_L120_H5_lr0.005
Linear,VIC,120,5,0.001,0.01747568292915157,0.006172970087001366,,checkpoints/Linear_VIC_L120_H5_lr0.001
Linear,VIC,120,5,0.0005,0.021677418474154463,0.008534784175987754,,checkpoints/Linear_VIC_L120_H5_lr0.0005
Linear,VIC,480,5,0.005,0.02727013184239095,0.008447395078837872,,checkpoints/Linear_VIC_L480_H5_lr0.005
Linear,VIC,480,5,0.001,0.01727774655263798,0.007275139014901859,,checkpoints/Linear_VIC_L480_H5_lr0.001
Linear,VIC,480,5,0.0005,0.020013814820258907,0.008866048590945346,,checkpoints/Linear_VIC_L480_H5_lr0.0005
NLinear,VIC,5,5,0.005,0.006004120289421111,0.0027385215990112298,,checkpoints/NLinear_VIC_L5_H5_lr0.005
NLinear,VIC,5,5,0.001,0.006058496010527944,0.00279427781767611,,checkpoints/NLinear_VIC_L5_H5_lr0.001
NLinear,VIC,5,5,0.0005,0.006110724976656497,0.0028537349359664533,,checkpoints/NLinear_VIC_L5_H5_lr0.0005
NLinear,VIC,30,5,0.005,0.006197875005163173,0.0027678218886389265,,checkpoints/NLinear_VIC_L30_H5_lr0.005
NLinear,VIC,30,5,0.001,0.006225860767928077,0.0028312240028753877,,checkpoints/NLinear_VIC_L30_H5_lr0.001
NLinear,VIC,30,5,0.0005,0.006439630763103883,0.0029701732348517648,,checkpoints/NLinear_VIC_L30_H5_lr0.0005
NLinear,VIC,120,5,0.005,0.008931358822342507,0.0030385382756191706,,checkpoints/NLinear_VIC_L120_H5_lr0.005
NLinear,VIC,120,5,0.001,0.007960287683083943,0.0030870404027934584,,checkpoints/NLinear_VIC_L120_H5_lr0.001
NLinear,VIC,120,5,0.0005,0.007026723297163446,0.003218060821693923,,checkpoints/NLinear_VIC_L120_H5_lr0.0005
NLinear,VIC,480,5,0.005,0.021589627479486926,0.00541249039316816,,checkpoints/NLinear_VIC_L480_H5_lr0.005
NLinear,VIC,480,5,0.001,0.009476638589147312,0.003927082528493234,,checkpoints/NLinear_VIC_L480_H5_lr0.001
NLinear,VIC,480,5,0.0005,0.008889798438525135,0.00409138195682317,,checkpoints/NLinear_VIC_L480_H5_lr0.0005
DLinear,VIC,5,5,0.005,0.006494709496314134,0.0027183996779578073,,checkpoints/DLinear_VIC_L5_H5_lr0.005
DLinear,VIC,5,5,0.001,0.006177524431756367,0.002780312907582681,,checkpoints/DLinear_VIC_L5_H5_lr0.001
DLinear,VIC,5,5,0.0005,0.0062507619351271455,0.0028934348723851145,,checkpoints/DLinear_VIC_L5_H5_lr0.0005
DLinear,VIC,30,5,0.005,0.0072580226086936695,0.0027560652541329285,,checkpoints/DLinear_VIC_L30_H5_lr0.005
DLinear,VIC,30,5,0.001,0.006749411082640622,0.00292548723685156,,checkpoints/DLinear_VIC_L30_H5_lr0.001
DLinear,VIC,30,5,0.0005,0.009128756718228633,0.0037235373547965926,,checkpoints/DLinear_VIC_L30_H5_lr0.0005
DLinear,VIC,120,5,0.005,0.007012554185395254,0.0028988676661226365,,checkpoints/DLinear_VIC_L120_H5_lr0.005
DLinear,VIC,120,5,0.001,0.007040316880839992,0.002804074004026396,,checkpoints/DLinear_VIC_L120_H5_lr0.001
DLinear,VIC,120,5,0.0005,0.0075452684019335315,0.0030224669708072073,,checkpoints/DLinear_VIC_L120_H5_lr0.0005
DLinear,VIC,480,5,0.005,0.009036425903685218,0.003922784365048366,,checkpoints/DLinear_VIC_L480_H5_lr0.005
DLinear,VIC,480,5,0.001,0.008049438389619138,0.003467725942443524,,checkpoints/DLinear_VIC_L480_H5_lr0.001
DLinear,VIC,480,5,0.0005,0.00851196532823318,0.0036398041461195266,,checkpoints/DLinear_VIC_L480_H5_lr0.0005
